[{"time":0.0,"pose":{"rotation":{"radians":0.0},"translation":{"x":10.34,"y":6.72}},"velocity":0,"acceleration":3.0,"curvature":0,"holonomicRotation":0.0,"angularVelocity":0.0,"holonomicAngularVelocity":0.0},{"time":0.08981837198851281,"pose":{"rotation":{"radians":0.0},"translation":{"x":10.35210100992,"y":6.72}},"velocity":0.26945511596553845,"acceleration":3.0000000000000004,"curvature":0,"holonomicRotation":0.0,"angularVelocity":0.0,"holonomicAngularVelocity":0.0},{"time":0.12754857730815006,"pose":{"rotation":{"radians":0.0},"translation":{"x":10.36440295936,"y":6.72}},"velocity":0.38264573192445017,"acceleration":2.999999999999999,"curvature":0,"holonomicRotation":0.0,"angularVelocity":0.0,"holonomicAngularVelocity":0.0},{"time":0.1568528563973236,"pose":{"rotation":{"radians":0.0},"translation":{"x":10.376904227839999,"y":6.72}},"velocity":0.47055856919197087,"acceleration":3.0000000000000018,"curvature":0,"holonomicRotation":0.0,"angularVelocity":0.0,"holonomicAngularVelocity":0.0},{"time":0.1818482790313572,"pose":{"rotation":{"radians":0.0},"translation":{"x":10.38960319488,"y":6.72}},"velocity":0.5455448370940716,"acceleration":3.0,"curvature":0,"holonomicRotation":0.0,"angularVelocity":0.0,"holonomicAngularVelocity":0.0},{"time":0.20412127114373296,"pose":{"rotation":{"radians":0.0},"translation":{"x":10.40249824,"y":6.72}},"velocity":0.612363813431199,"acceleration":3.0,"curvature":0,"holonomicRotation":0.0,"angularVelocity":0.0,"holonomicAngularVelocity":0.0},{"time":0.22448124304716388,"pose":{"rotation":{"radians":0.0},"translation":{"x":10.41558774272,"y":6.72}},"velocity":0.6734437291414916,"acceleration":2.9999999999999973,"curvature":0,"holonomicRotation":0.0,"angularVelocity":0.0,"holonomicAngularVelocity":0.0},{"time":0.24340649479146295,"pose":{"rotation":{"radians":0.0},"translation":{"x":10.42887008256,"y":6.72}},"velocity":0.7302194843743889,"acceleration":3.0000000000000013,"curvature":0,"holonomicRotation":0.0,"angularVelocity":0.0,"holonomicAngularVelocity":0.0},{"time":0.26120699204526027,"pose":{"rotation":{"radians":0.0},"translation":{"x":10.442343639039999,"y":6.72}},"velocity":0.7836209761357807,"acceleration":2.999999999999995,"curvature":0,"holonomicRotation":0.0,"angularVelocity":0.0,"holonomicAngularVelocity":0.0},{"time":0.27809685564565484,"pose":{"rotation":{"radians":0.0},"translation":{"x":10.45600679168,"y":6.72}},"velocity":0.8342905669369645,"acceleration":3.0,"curvature":0,"holonomicRotation":0.0,"angularVelocity":0.0,"holonomicAngularVelocity":0.0},{"time":0.294231110976841,"pose":{"rotation":{"radians":0.0},"translation":{"x":10.469857919999999,"y":6.72}},"velocity":0.8826933329305229,"acceleration":2.9999999999999933,"curvature":0,"holonomicRotation":0.0,"angularVelocity":0.0,"holonomicAngularVelocity":0.0},{"time":0.3097261193592388,"pose":{"rotation":{"radians":0.0},"translation":{"x":10.48389540352,"y":6.72}},"velocity":0.9291783580777163,"acceleration":3.0,"curvature":0,"holonomicRotation":0.0,"angularVelocity":0.0,"holonomicAngularVelocity":0.0},{"time":0.3246717539916265,"pose":{"rotation":{"radians":0.0},"translation":{"x":10.498117621759999,"y":6.72}},"velocity":0.9740152619748794,"acceleration":3.0000000000000036,"curvature":0,"holonomicRotation":0.0,"angularVelocity":0.0,"holonomicAngularVelocity":0.0},{"time":0.3391390611927009,"pose":{"rotation":{"radians":0.0},"translation":{"x":10.51252295424,"y":6.72}},"velocity":1.0174171835781023,"acceleration":2.9999999999999845,"curvature":0,"holonomicRotation":0.0,"angularVelocity":0.0,"holonomicAngularVelocity":0.0},{"time":0.353185296485191,"pose":{"rotation":{"radians":0.0},"translation":{"x":10.527109780479998,"y":6.72}},"velocity":1.0595558894555726,"acceleration":2.999999999999996,"curvature":0,"holonomicRotation":0.0,"angularVelocity":0.0,"holonomicAngularVelocity":0.0},{"time":0.36685735647523915,"pose":{"rotation":{"radians":0.0},"translation":{"x":10.54187648,"y":6.72}},"velocity":1.100572069425717,"acceleration":3.0,"curvature":0,"holonomicRotation":0.0,"angularVelocity":0.0,"holonomicAngularVelocity":0.0},{"time":0.38019418925947107,"pose":{"rotation":{"radians":0.0},"translation":{"x":10.55682143232,"y":6.72}},"velocity":1.140582567778413,"acceleration":3.0000000000000084,"curvature":0,"holonomicRotation":0.0,"angularVelocity":0.0,"holonomicAngularVelocity":0.0},{"time":0.39322853148434417,"pose":{"rotation":{"radians":0.0},"translation":{"x":10.57194301696,"y":6.72}},"velocity":1.1796855944530322,"acceleration":3.0,"curvature":0,"holonomicRotation":0.0,"angularVelocity":0.0,"holonomicAngularVelocity":0.0},{"time":0.4059881882025631,"pose":{"rotation":{"radians":0.0},"translation":{"x":10.58723961344,"y":6.72}},"velocity":1.217964564607689,"acceleration":3.0000000000000044,"curvature":0,"holonomicRotation":0.0,"angularVelocity":0.0,"holonomicAngularVelocity":0.0},{"time":0.41849699423850845,"pose":{"rotation":{"radians":0.0},"translation":{"x":10.602709601279999,"y":6.72}},"velocity":1.255490982715525,"acceleration":2.9999999999999867,"curvature":0,"holonomicRotation":0.0,"angularVelocity":0.0,"holonomicAngularVelocity":0.0},{"time":0.43077554867161805,"pose":{"rotation":{"radians":0.0},"translation":{"x":10.61835136,"y":6.72}},"velocity":1.2923266460148537,"acceleration":2.9999999999999956,"curvature":0,"holonomicRotation":0.0,"angularVelocity":0.0,"holonomicAngularVelocity":0.0},{"time":0.44284178447838346,"pose":{"rotation":{"radians":0.0},"translation":{"x":10.634163269119998,"y":6.72}},"velocity":1.32852535343515,"acceleration":3.0000000000000044,"curvature":0,"holonomicRotation":0.0,"angularVelocity":0.0,"holonomicAngularVelocity":0.0},{"time":0.4547114162924278,"pose":{"rotation":{"radians":0.0},"translation":{"x":10.650143708159998,"y":6.72}},"velocity":1.364134248877283,"acceleration":3.0,"curvature":0,"holonomicRotation":0.0,"angularVelocity":0.0,"holonomicAngularVelocity":0.0},{"time":0.46639829662353377,"pose":{"rotation":{"radians":0.0},"translation":{"x":10.66629105664,"y":6.72}},"velocity":1.3991948898706008,"acceleration":2.9999999999999907,"curvature":0,"holonomicRotation":0.0,"angularVelocity":0.0,"holonomicAngularVelocity":0.0},{"time":0.4779147023476059,"pose":{"rotation":{"radians":0.0},"translation":{"x":10.68260369408,"y":6.72}},"velocity":1.4337441070428172,"acceleration":2.999999999999995,"curvature":0,"holonomicRotation":0.0,"angularVelocity":0.0,"holonomicAngularVelocity":0.0},{"time":0.4892715674006278,"pose":{"rotation":{"radians":0.0},"translation":{"x":10.69908,"y":6.72}},"velocity":1.4678147022018828,"acceleration":2.9999999999999902,"curvature":0,"holonomicRotation":0.0,"angularVelocity":0.0,"holonomicAngularVelocity":0.0},{"time":0.5004786734850282,"pose":{"rotation":{"radians":0.0},"translation":{"x":10.71571835392,"y":6.72}},"velocity":1.5014360204550836,"acceleration":2.99999999999998,"curvature":0,"holonomicRotation":0.0,"angularVelocity":0.0,"holonomicAngularVelocity":0.0},{"time":0.5115448076561822,"pose":{"rotation":{"radians":0.0},"translation":{"x":10.73251713536,"y":6.72}},"velocity":1.5346344229685456,"acceleration":3.0,"curvature":0,"holonomicRotation":0.0,"angularVelocity":0.0,"holonomicAngularVelocity":0.0},{"time":0.5224778935291591,"pose":{"rotation":{"radians":0.0},"translation":{"x":10.74947472384,"y":6.72}},"velocity":1.5674336805874765,"acceleration":3.00000000000001,"curvature":0,"holonomicRotation":0.0,"angularVelocity":0.0,"holonomicAngularVelocity":0.0},{"time":0.5332851012857323,"pose":{"rotation":{"radians":0.0},"translation":{"x":10.76658949888,"y":6.72}},"velocity":1.5998553038571959,"acceleration":2.99999999999999,"curvature":0,"holonomicRotation":0.0,"angularVelocity":0.0,"holonomicAngularVelocity":0.0},{"time":0.5439729405034778,"pose":{"rotation":{"radians":0.0},"translation":{"x":10.78385984,"y":6.72}},"velocity":1.6319188215104325,"acceleration":3.00000000000001,"curvature":0,"holonomicRotation":0.0,"angularVelocity":0.0,"holonomicAngularVelocity":0.0},{"time":0.5545473389591437,"pose":{"rotation":{"radians":0.0},"translation":{"x":10.80128412672,"y":6.72}},"velocity":1.6636420168774302,"acceleration":3.0,"curvature":0,"holonomicRotation":0.0,"angularVelocity":0.0,"holonomicAngularVelocity":0.0},{"time":0.5650137098985605,"pose":{"rotation":{"radians":0.0},"translation":{"x":10.818860738560002,"y":6.72}},"velocity":1.6950411296956807,"acceleration":3.0,"curvature":0,"holonomicRotation":0.0,"angularVelocity":0.0,"holonomicAngularVelocity":0.0},{"time":0.5753770097596882,"pose":{"rotation":{"radians":0.0},"translation":{"x":10.83658805504,"y":6.72}},"velocity":1.7261310292790637,"acceleration":2.9999999999999893,"curvature":0,"holonomicRotation":0.0,"angularVelocity":0.0,"holonomicAngularVelocity":0.0},{"time":0.5856417879443605,"pose":{"rotation":{"radians":0.0},"translation":{"x":10.85446445568,"y":6.72}},"velocity":1.7569253638330806,"acceleration":3.0,"curvature":0,"holonomicRotation":0.0,"angularVelocity":0.0,"holonomicAngularVelocity":0.0},{"time":0.5958122299293075,"pose":{"rotation":{"radians":0.0},"translation":{"x":10.87248832,"y":6.72}},"velocity":1.7874366897879215,"acceleration":2.999999999999989,"curvature":0,"holonomicRotation":0.0,"angularVelocity":0.0,"holonomicAngularVelocity":0.0},{"time":0.6058921947673527,"pose":{"rotation":{"radians":0.0},"translation":{"x":10.890658027519999,"y":6.72}},"velocity":1.817676584302057,"acceleration":3.0,"curvature":0,"holonomicRotation":0.0,"angularVelocity":0.0,"holonomicAngularVelocity":0.0},{"time":0.61588524783978,"pose":{"rotation":{"radians":0.0},"translation":{"x":10.90897195776,"y":6.72}},"velocity":1.847655743519339,"acceleration":2.999999999999989,"curvature":0,"holonomicRotation":0.0,"angularVelocity":0.0,"holonomicAngularVelocity":0.0},{"time":0.6257946895694578,"pose":{"rotation":{"radians":0.0},"translation":{"x":10.92742849024,"y":6.72}},"velocity":1.8773840687083723,"acceleration":2.999999999999989,"curvature":0,"holonomicRotation":0.0,"angularVelocity":0.0,"holonomicAngularVelocity":0.0},{"time":0.6356235806827825,"pose":{"rotation":{"radians":0.0},"translation":{"x":10.946026004480002,"y":6.72}},"velocity":1.9068707420483464,"acceleration":3.0000000000000226,"curvature":0,"holonomicRotation":0.0,"angularVelocity":0.0,"holonomicAngularVelocity":0.0},{"time":0.6453747645102551,"pose":{"rotation":{"radians":0.0},"translation":{"x":10.96476288,"y":6.72}},"velocity":1.9361242935307643,"acceleration":3.0,"curvature":0,"holonomicRotation":0.0,"angularVelocity":0.0,"holonomicAngularVelocity":0.0},{"time":0.6550508867357816,"pose":{"rotation":{"radians":0.0},"translation":{"x":10.98363749632,"y":6.72}},"velocity":1.9651526602073437,"acceleration":2.9999999999999885,"curvature":0,"holonomicRotation":0.0,"angularVelocity":0.0,"holonomicAngularVelocity":0.0},{"time":0.6646544129395371,"pose":{"rotation":{"radians":0.0},"translation":{"x":11.00264823296,"y":6.72}},"velocity":1.9939632388186102,"acceleration":3.0,"curvature":0,"holonomicRotation":0.0,"angularVelocity":0.0,"holonomicAngularVelocity":0.0},{"time":0.6741876442257506,"pose":{"rotation":{"radians":0.0},"translation":{"x":11.02179346944,"y":6.72}},"velocity":2.0225629326772507,"acceleration":3.0,"curvature":0,"holonomicRotation":0.0,"angularVelocity":0.0,"holonomicAngularVelocity":0.0},{"time":0.6836527311825312,"pose":{"rotation":{"radians":0.0},"translation":{"x":11.041071585280001,"y":6.72}},"velocity":2.0509581935475927,"acceleration":3.0000000000000115,"curvature":0,"holonomicRotation":0.0,"angularVelocity":0.0,"holonomicAngularVelocity":0.0},{"time":0.6930516863842119,"pose":{"rotation":{"radians":0.0},"translation":{"x":11.06048096,"y":6.72}},"velocity":2.079155059152635,"acceleration":3.0000000000000235,"curvature":0,"holonomicRotation":0.0,"angularVelocity":0.0,"holonomicAngularVelocity":0.0},{"time":0.7023863956161647,"pose":{"rotation":{"radians":0.0},"translation":{"x":11.08001997312,"y":6.72}},"velocity":2.1071591868484933,"acceleration":3.000000000000012,"curvature":0,"holonomicRotation":0.0,"angularVelocity":0.0,"holonomicAngularVelocity":0.0},{"time":0.711658627976458,"pose":{"rotation":{"radians":0.0},"translation":{"x":11.099687004160002,"y":6.72}},"velocity":2.1349758839293735,"acceleration":3.000000000000036,"curvature":0,"holonomicRotation":0.0,"angularVelocity":0.0,"holonomicAngularVelocity":0.0},{"time":0.7208700449873056,"pose":{"rotation":{"radians":0.0},"translation":{"x":11.11948043264,"y":6.72}},"velocity":2.1626101349619167,"acceleration":3.000000000000036,"curvature":0,"holonomicRotation":0.0,"angularVelocity":0.0,"holonomicAngularVelocity":0.0},{"time":0.7300222088311193,"pose":{"rotation":{"radians":0.0},"translation":{"x":11.13939863808,"y":6.72}},"velocity":2.190066626493358,"acceleration":2.999999999999988,"curvature":0,"holonomicRotation":0.0,"angularVelocity":0.0,"holonomicAngularVelocity":0.0},{"time":0.739116589810656,"pose":{"rotation":{"radians":0.0},"translation":{"x":11.15944,"y":6.72}},"velocity":2.217349769431968,"acceleration":3.000000000000012,"curvature":0,"holonomicRotation":0.0,"angularVelocity":0.0,"holonomicAngularVelocity":0.0},{"time":0.7481545731197534,"pose":{"rotation":{"radians":0.0},"translation":{"x":11.17960289792,"y":6.72}},"velocity":2.2444637193592603,"acceleration":3.0,"curvature":0,"holonomicRotation":0.0,"angularVelocity":0.0,"holonomicAngularVelocity":0.0},{"time":0.7571374650000269,"pose":{"rotation":{"radians":0.0},"translation":{"x":11.19988571136,"y":6.72}},"velocity":2.271412395000081,"acceleration":3.000000000000025,"curvature":0,"holonomicRotation":0.0,"angularVelocity":0.0,"holonomicAngularVelocity":0.0},{"time":0.7660664983494144,"pose":{"rotation":{"radians":0.0},"translation":{"x":11.22028681984,"y":6.72}},"velocity":2.2981994950482436,"acceleration":3.0000000000000124,"curvature":0,"holonomicRotation":0.0,"angularVelocity":0.0,"holonomicAngularVelocity":0.0},{"time":0.7749428378403148,"pose":{"rotation":{"radians":0.0},"translation":{"x":11.24080460288,"y":6.72}},"velocity":2.324828513520945,"acceleration":3.000000000000025,"curvature":0,"holonomicRotation":0.0,"angularVelocity":0.0,"holonomicAngularVelocity":0.0},{"time":0.783767584598054,"pose":{"rotation":{"radians":0.0},"translation":{"x":11.261437440000002,"y":6.72}},"velocity":2.3513027537941626,"acceleration":3.0000000000000253,"curvature":0,"holonomicRotation":0.0,"angularVelocity":0.0,"holonomicAngularVelocity":0.0},{"time":0.7925417804843686,"pose":{"rotation":{"radians":0.0},"translation":{"x":11.28218371072,"y":6.72}},"velocity":2.3776253414531068,"acceleration":3.0000000000000124,"curvature":0,"holonomicRotation":0.0,"angularVelocity":0.0,"holonomicAngularVelocity":0.0},{"time":0.8012664120253638,"pose":{"rotation":{"radians":0.0},"translation":{"x":11.30304179456,"y":6.72}},"velocity":2.4037992360760922,"acceleration":3.000000000000013,"curvature":0,"holonomicRotation":0.0,"angularVelocity":0.0,"holonomicAngularVelocity":0.0},{"time":0.8099424140188403,"pose":{"rotation":{"radians":0.0},"translation":{"x":11.32401007104,"y":6.72}},"velocity":2.429827242056522,"acceleration":3.000000000000013,"curvature":0,"holonomicRotation":0.0,"angularVelocity":0.0,"holonomicAngularVelocity":0.0},{"time":0.8185706728519737,"pose":{"rotation":{"radians":0.0},"translation":{"x":11.34508691968,"y":6.72}},"velocity":2.4557120185559222,"acceleration":3.0,"curvature":0,"holonomicRotation":0.0,"angularVelocity":0.0,"holonomicAngularVelocity":0.0},{"time":0.8271520295568405,"pose":{"rotation":{"radians":0.0},"translation":{"x":11.366270720000001,"y":6.72}},"velocity":2.4814560886705226,"acceleration":2.999999999999987,"curvature":0,"holonomicRotation":0.0,"angularVelocity":0.0,"holonomicAngularVelocity":0.0},{"time":0.8356872826282968,"pose":{"rotation":{"radians":0.0},"translation":{"x":11.38755985152,"y":6.72}},"velocity":2.5070618478848914,"acceleration":2.999999999999987,"curvature":0,"holonomicRotation":0.0,"angularVelocity":0.0,"holonomicAngularVelocity":0.0},{"time":0.8441771906260752,"pose":{"rotation":{"radians":0.0},"translation":{"x":11.40895269376,"y":6.72}},"velocity":2.5325315718782266,"acceleration":3.000000000000013,"curvature":0,"holonomicRotation":0.0,"angularVelocity":0.0,"holonomicAngularVelocity":0.0},{"time":0.852622474580632,"pose":{"rotation":{"radians":0.0},"translation":{"x":11.430447626240001,"y":6.72}},"velocity":2.557867423741897,"acceleration":3.0,"curvature":0,"holonomicRotation":0.0,"angularVelocity":0.0,"holonomicAngularVelocity":0.0},{"time":0.861023820220246,"pose":{"rotation":{"radians":0.0},"translation":{"x":11.45204302848,"y":6.72}},"velocity":2.583071460660739,"acceleration":2.9999999999999605,"curvature":0,"holonomicRotation":0.0,"angularVelocity":0.0,"holonomicAngularVelocity":0.0},{"time":0.8693818800350822,"pose":{"rotation":{"radians":0.0},"translation":{"x":11.473737280000002,"y":6.72}},"velocity":2.6081456401052474,"acceleration":3.0000000000000133,"curvature":0,"holonomicRotation":0.0,"angularVelocity":0.0,"holonomicAngularVelocity":0.0},{"time":0.877697275192307,"pose":{"rotation":{"radians":0.0},"translation":{"x":11.495528760320001,"y":6.72}},"velocity":2.633091825576922,"acceleration":3.0,"curvature":0,"holonomicRotation":0.0,"angularVelocity":0.0,"holonomicAngularVelocity":0.0},{"time":0.8859705973149825,"pose":{"rotation":{"radians":0.0},"translation":{"x":11.51741584896,"y":6.72}},"velocity":2.657911791944948,"acceleration":2.9999999999999867,"curvature":0,"holonomicRotation":0.0,"angularVelocity":0.0,"holonomicAngularVelocity":0.0},{"time":0.8942024101361689,"pose":{"rotation":{"radians":0.0},"translation":{"x":11.53939692544,"y":6.72}},"velocity":2.6826072304085073,"acceleration":3.0000000000000133,"curvature":0,"holonomicRotation":0.0,"angularVelocity":0.0,"holonomicAngularVelocity":0.0},{"time":0.9023932510385929,"pose":{"rotation":{"radians":0.0},"translation":{"x":11.561470369280002,"y":6.72}},"velocity":2.7071797531157795,"acceleration":3.0,"curvature":0,"holonomicRotation":0.0,"angularVelocity":0.0,"holonomicAngularVelocity":0.0},{"time":0.9105436324892214,"pose":{"rotation":{"radians":0.0},"translation":{"x":11.58363456,"y":6.72}},"velocity":2.731630897467665,"acceleration":3.0,"curvature":0,"holonomicRotation":0.0,"angularVelocity":0.0,"holonomicAngularVelocity":0.0},{"time":0.9186540433772299,"pose":{"rotation":{"radians":0.0},"translation":{"x":11.60588787712,"y":6.72}},"velocity":2.7559621301316906,"acceleration":3.0000000000000138,"curvature":0,"holonomicRotation":0.0,"angularVelocity":0.0,"holonomicAngularVelocity":0.0},{"time":0.9267249502630218,"pose":{"rotation":{"radians":0.0},"translation":{"x":11.628228700160001,"y":6.72}},"velocity":2.7801748507890665,"acceleration":3.0000000000000138,"curvature":0,"holonomicRotation":0.0,"angularVelocity":0.0,"holonomicAngularVelocity":0.0},{"time":0.9347567985453042,"pose":{"rotation":{"radians":0.0},"translation":{"x":11.65065540864,"y":6.72}},"velocity":2.8042703956359136,"acceleration":2.9999999999999862,"curvature":0,"holonomicRotation":0.0,"angularVelocity":0.0,"holonomicAngularVelocity":0.0},{"time":0.9427500135525497,"pose":{"rotation":{"radians":0.0},"translation":{"x":11.67316638208,"y":6.72}},"velocity":2.8282500406576503,"acceleration":3.000000000000028,"curvature":0,"holonomicRotation":0.0,"angularVelocity":0.0,"holonomicAngularVelocity":0.0},{"time":0.9507050015646287,"pose":{"rotation":{"radians":0.0},"translation":{"x":11.695760000000002,"y":6.72}},"velocity":2.852115004693887,"acceleration":2.9999999999999862,"curvature":0,"holonomicRotation":0.0,"angularVelocity":0.0,"holonomicAngularVelocity":0.0},{"time":0.9586221507698777,"pose":{"rotation":{"radians":0.0},"translation":{"x":11.71843464192,"y":6.72}},"velocity":2.875866452309634,"acceleration":3.0,"curvature":0,"holonomicRotation":0.0,"angularVelocity":0.0,"holonomicAngularVelocity":0.0},{"time":0.9665018321624297,"pose":{"rotation":{"radians":0.0},"translation":{"x":11.741188687360001,"y":6.72}},"velocity":2.8995054964872904,"acceleration":3.000000000000042,"curvature":0,"holonomicRotation":0.0,"angularVelocity":0.0,"holonomicAngularVelocity":0.0},{"time":0.974344400384176,"pose":{"rotation":{"radians":0.0},"translation":{"x":11.76402051584,"y":6.72}},"velocity":2.9230332011525295,"acceleration":3.000000000000014,"curvature":0,"holonomicRotation":0.0,"angularVelocity":0.0,"holonomicAngularVelocity":0.0},{"time":0.9821501945154144,"pose":{"rotation":{"radians":0.0},"translation":{"x":11.78692850688,"y":6.72}},"velocity":2.9464505835462447,"acceleration":3.0,"curvature":0,"holonomicRotation":0.0,"angularVelocity":0.0,"holonomicAngularVelocity":0.0},{"time":0.9899195388178442,"pose":{"rotation":{"radians":0.0},"translation":{"x":11.809911040000001,"y":6.72}},"velocity":2.9697586164535337,"acceleration":2.9999999999999427,"curvature":0,"holonomicRotation":0.0,"angularVelocity":0.0,"holonomicAngularVelocity":0.0},{"time":0.997652743433305,"pose":{"rotation":{"radians":0.0},"translation":{"x":11.83296649472,"y":6.72}},"velocity":2.992958230299916,"acceleration":2.999999999999971,"curvature":0,"holonomicRotation":0.0,"angularVelocity":0.0,"holonomicAngularVelocity":0.0},{"time":1.0053501050413565,"pose":{"rotation":{"radians":0.0},"translation":{"x":11.85609325056,"y":6.72}},"velocity":3.0160503151240703,"acceleration":3.000000000000014,"curvature":0,"holonomicRotation":0.0,"angularVelocity":0.0,"holonomicAngularVelocity":0.0},{"time":1.013011907478551,"pose":{"rotation":{"radians":0.0},"translation":{"x":11.87928968704,"y":6.72}},"velocity":3.039035722435654,"acceleration":3.0,"curvature":0,"holonomicRotation":0.0,"angularVelocity":0.0,"holonomicAngularVelocity":0.0},{"time":1.0206384223220288,"pose":{"rotation":{"radians":0.0},"translation":{"x":11.902554183680001,"y":6.72}},"velocity":3.0619152669660874,"acceleration":3.0,"curvature":0,"holonomicRotation":0.0,"angularVelocity":0.0,"holonomicAngularVelocity":0.0},{"time":1.0282299094398422,"pose":{"rotation":{"radians":0.0},"translation":{"x":11.92588512,"y":6.72}},"velocity":3.0846897283195274,"acceleration":3.0,"curvature":0,"holonomicRotation":0.0,"angularVelocity":0.0,"holonomicAngularVelocity":0.0},{"time":1.0357866175102541,"pose":{"rotation":{"radians":0.0},"translation":{"x":11.949280875520001,"y":6.72}},"velocity":3.107359852530763,"acceleration":2.9999999999999707,"curvature":0,"holonomicRotation":0.0,"angularVelocity":0.0,"holonomicAngularVelocity":0.0},{"time":1.043308784512045,"pose":{"rotation":{"radians":0.0},"translation":{"x":11.972739829760002,"y":6.72}},"velocity":3.1299263535361352,"acceleration":2.999999999999941,"curvature":0,"holonomicRotation":0.0,"angularVelocity":0.0,"holonomicAngularVelocity":0.0},{"time":1.0507966381877452,"pose":{"rotation":{"radians":0.0},"translation":{"x":11.996260362240001,"y":6.72}},"velocity":3.1523899145632357,"acceleration":3.0,"curvature":0,"holonomicRotation":0.0,"angularVelocity":0.0,"holonomicAngularVelocity":0.0},{"time":1.0582503964815388,"pose":{"rotation":{"radians":0.0},"translation":{"x":12.019840852480002,"y":6.72}},"velocity":3.1747511894446165,"acceleration":2.9999999999999702,"curvature":0,"holonomicRotation":0.0,"angularVelocity":0.0,"holonomicAngularVelocity":0.0},{"time":1.0656702679534604,"pose":{"rotation":{"radians":0.0},"translation":{"x":12.04347968,"y":6.72}},"velocity":3.1970108038603815,"acceleration":3.0000000000000298,"curvature":0,"holonomicRotation":0.0,"angularVelocity":0.0,"holonomicAngularVelocity":0.0},{"time":1.0730564521713977,"pose":{"rotation":{"radians":0.0},"translation":{"x":12.067175224320001,"y":6.72}},"velocity":3.2191693565141932,"acceleration":3.0,"curvature":0,"holonomicRotation":0.0,"angularVelocity":0.0,"holonomicAngularVelocity":0.0},{"time":1.0804091400822813,"pose":{"rotation":{"radians":0.0},"translation":{"x":12.090925864960003,"y":6.72}},"velocity":3.241227420246844,"acceleration":2.99999999999997,"curvature":0,"holonomicRotation":0.0,"angularVelocity":0.0,"holonomicAngularVelocity":0.0},{"time":1.0877285143637638,"pose":{"rotation":{"radians":0.0},"translation":{"x":12.114729981440002,"y":6.72}},"velocity":3.263185543091291,"acceleration":2.999999999999939,"curvature":0,"holonomicRotation":0.0,"angularVelocity":0.0,"holonomicAngularVelocity":0.0},{"time":1.0950147497575853,"pose":{"rotation":{"radians":0.0},"translation":{"x":12.138585953280002,"y":6.72}},"velocity":3.285044249272756,"acceleration":3.000000000000061,"curvature":0,"holonomicRotation":0.0,"angularVelocity":0.0,"holonomicAngularVelocity":0.0},{"time":1.102268013385735,"pose":{"rotation":{"radians":0.0},"translation":{"x":12.162492160000003,"y":6.72}},"velocity":3.3068040401572047,"acceleration":2.9999999999999694,"curvature":0,"holonomicRotation":0.0,"angularVelocity":0.0,"holonomicAngularVelocity":0.0},{"time":1.1094884650504486,"pose":{"rotation":{"radians":0.0},"translation":{"x":12.186446981120001,"y":6.72}},"velocity":3.328465395151346,"acceleration":3.0000000000000306,"curvature":0,"holonomicRotation":0.0,"angularVelocity":0.0,"holonomicAngularVelocity":0.0},{"time":1.1166762575190121,"pose":{"rotation":{"radians":0.0},"translation":{"x":12.210448796160001,"y":6.72}},"velocity":3.3500287725570366,"acceleration":3.000000000000031,"curvature":0,"holonomicRotation":0.0,"angularVelocity":0.0,"holonomicAngularVelocity":0.0},{"time":1.1238315367942533,"pose":{"rotation":{"radians":0.0},"translation":{"x":12.23449598464,"y":6.72}},"velocity":3.37149461038276,"acceleration":3.0,"curvature":0,"holonomicRotation":0.0,"angularVelocity":0.0,"holonomicAngularVelocity":0.0},{"time":1.1309544423715752,"pose":{"rotation":{"radians":0.0},"translation":{"x":12.258586926080001,"y":6.72}},"velocity":3.3928633271147253,"acceleration":2.999999999999938,"curvature":0,"holonomicRotation":0.0,"angularVelocity":0.0,"holonomicAngularVelocity":0.0},{"time":1.1380451074832962,"pose":{"rotation":{"radians":0.0},"translation":{"x":12.282720000000001,"y":6.72}},"velocity":3.4141353224498885,"acceleration":3.0,"curvature":0,"holonomicRotation":0.0,"angularVelocity":0.0,"holonomicAngularVelocity":0.0},{"time":1.145103659331038,"pose":{"rotation":{"radians":0.0},"translation":{"x":12.306893585920001,"y":6.72}},"velocity":3.435310977993114,"acceleration":3.0000000000000315,"curvature":0,"holonomicRotation":0.0,"angularVelocity":0.0,"holonomicAngularVelocity":0.0},{"time":1.1521302193068286,"pose":{"rotation":{"radians":0.0},"translation":{"x":12.331106063360002,"y":6.72}},"velocity":3.456390657920486,"acceleration":3.0000000000000315,"curvature":0,"holonomicRotation":0.0,"angularVelocity":0.0,"holonomicAngularVelocity":0.0},{"time":1.159124903203562,"pose":{"rotation":{"radians":0.0},"translation":{"x":12.35535581184,"y":6.72}},"velocity":3.4773747096106864,"acceleration":3.0000000000000315,"curvature":0,"holonomicRotation":0.0,"angularVelocity":0.0,"holonomicAngularVelocity":0.0},{"time":1.1660878214154085,"pose":{"rotation":{"radians":0.0},"translation":{"x":12.379641210880001,"y":6.72}},"velocity":3.498263464246226,"acceleration":3.000000000000032,"curvature":0,"holonomicRotation":0.0,"angularVelocity":0.0,"holonomicAngularVelocity":0.0},{"time":1.1730190791287243,"pose":{"rotation":{"radians":0.0},"translation":{"x":12.403960640000001,"y":6.72}},"velocity":3.5190572373861735,"acceleration":3.0,"curvature":0,"holonomicRotation":0.0,"angularVelocity":0.0,"holonomicAngularVelocity":0.0},{"time":1.1799187765039874,"pose":{"rotation":{"radians":0.0},"translation":{"x":12.42831247872,"y":6.72}},"velocity":3.5397563295119627,"acceleration":3.0,"curvature":0,"holonomicRotation":0.0,"angularVelocity":0.0,"holonomicAngularVelocity":0.0},{"time":1.1867870088492434,"pose":{"rotation":{"radians":0.0},"translation":{"x":12.452695106560002,"y":6.72}},"velocity":3.5603610265477306,"acceleration":2.9999999999999676,"curvature":0,"holonomicRotation":0.0,"angularVelocity":0.0,"holonomicAngularVelocity":0.0},{"time":1.193623866785513,"pose":{"rotation":{"radians":0.0},"translation":{"x":12.477106903040001,"y":6.72}},"velocity":3.5808716003565393,"acceleration":2.9999999999999676,"curvature":0,"holonomicRotation":0.0,"angularVelocity":0.0,"holonomicAngularVelocity":0.0},{"time":1.2004294364046009,"pose":{"rotation":{"radians":0.0},"translation":{"x":12.501546247680002,"y":6.72}},"velocity":3.601288309213803,"acceleration":3.0,"curvature":0,"holonomicRotation":0.0,"angularVelocity":0.0,"holonomicAngularVelocity":0.0},{"time":1.2072037994196894,"pose":{"rotation":{"radians":0.0},"translation":{"x":12.52601152,"y":6.72}},"velocity":3.621611398259068,"acceleration":2.999999999999967,"curvature":0,"holonomicRotation":0.0,"angularVelocity":0.0,"holonomicAngularVelocity":0.0},{"time":1.2139470333091147,"pose":{"rotation":{"radians":0.0},"translation":{"x":12.550501099520002,"y":6.72}},"velocity":3.641841099927344,"acceleration":3.0,"curvature":0,"holonomicRotation":0.0,"angularVelocity":0.0,"holonomicAngularVelocity":0.0},{"time":1.2206592114536587,"pose":{"rotation":{"radians":0.0},"translation":{"x":12.575013365760002,"y":6.72}},"velocity":3.661977634360976,"acceleration":2.999999999999967,"curvature":0,"holonomicRotation":0.0,"angularVelocity":0.0,"holonomicAngularVelocity":0.0},{"time":1.2273404032677055,"pose":{"rotation":{"radians":0.0},"translation":{"x":12.599546698240001,"y":6.72}},"velocity":3.6820212098031164,"acceleration":3.0,"curvature":0,"holonomicRotation":0.0,"angularVelocity":0.0,"holonomicAngularVelocity":0.0},{"time":1.233990674324567,"pose":{"rotation":{"radians":0.0},"translation":{"x":12.62409947648,"y":6.72}},"velocity":3.701972022973701,"acceleration":3.0000000000000666,"curvature":0,"holonomicRotation":0.0,"angularVelocity":0.0,"holonomicAngularVelocity":0.0},{"time":1.240610086476274,"pose":{"rotation":{"radians":0.0},"translation":{"x":12.648670080000002,"y":6.72}},"velocity":3.721830259428822,"acceleration":3.0000000000000338,"curvature":0,"holonomicRotation":0.0,"angularVelocity":0.0,"holonomicAngularVelocity":0.0},{"time":1.2471986979681038,"pose":{"rotation":{"radians":0.0},"translation":{"x":12.673256888320001,"y":6.72}},"velocity":3.7415960939043122,"acceleration":3.0000000000000675,"curvature":0,"holonomicRotation":0.0,"angularVelocity":0.0,"holonomicAngularVelocity":0.0},{"time":1.2537565635481238,"pose":{"rotation":{"radians":0.0},"translation":{"x":12.697858280960002,"y":6.72}},"velocity":3.7612696906443723,"acceleration":3.0,"curvature":0,"holonomicRotation":0.0,"angularVelocity":0.0,"holonomicAngularVelocity":0.0},{"time":1.260283734571968,"pose":{"rotation":{"radians":0.0},"translation":{"x":12.722472637440001,"y":6.72}},"velocity":3.7808512037159048,"acceleration":3.0,"curvature":0,"holonomicRotation":0.0,"angularVelocity":0.0,"holonomicAngularVelocity":0.0},{"time":1.2667802591031068,"pose":{"rotation":{"radians":0.0},"translation":{"x":12.747098337280002,"y":6.72}},"velocity":3.800340777309321,"acceleration":3.0,"curvature":0,"holonomicRotation":0.0,"angularVelocity":0.0,"holonomicAngularVelocity":0.0},{"time":1.2732461820088061,"pose":{"rotation":{"radians":0.0},"translation":{"x":12.771733760000004,"y":6.72}},"velocity":3.8197385460264193,"acceleration":3.0,"curvature":0,"holonomicRotation":0.0,"angularVelocity":0.0,"holonomicAngularVelocity":0.0},{"time":1.2796815450519974,"pose":{"rotation":{"radians":0.0},"translation":{"x":12.796377285120002,"y":6.72}},"velocity":3.8390446351559935,"acceleration":3.000000000000069,"curvature":0,"holonomicRotation":0.0,"angularVelocity":0.0,"holonomicAngularVelocity":0.0},{"time":1.2860863869792472,"pose":{"rotation":{"radians":0.0},"translation":{"x":12.821027292160002,"y":6.72}},"velocity":3.8582591609377426,"acceleration":2.9999999999999654,"curvature":0,"holonomicRotation":0.0,"angularVelocity":0.0,"holonomicAngularVelocity":0.0},{"time":1.292460743605004,"pose":{"rotation":{"radians":0.0},"translation":{"x":12.845682160640001,"y":6.72}},"velocity":3.877382230815013,"acceleration":3.0000000000000346,"curvature":0,"holonomicRotation":0.0,"angularVelocity":0.0,"holonomicAngularVelocity":0.0},{"time":1.2988046478923099,"pose":{"rotation":{"radians":0.0},"translation":{"x":12.870340270080002,"y":6.72}},"velocity":3.8964139436769307,"acceleration":2.999999999999965,"curvature":0,"holonomicRotation":0.0,"angularVelocity":0.0,"holonomicAngularVelocity":0.0},{"time":1.3051256414654224,"pose":{"rotation":{"radians":0.0},"translation":{"x":12.895000000000001,"y":6.72}},"velocity":3.9060714202994307,"acceleration":1.527841550666923,"curvature":0,"holonomicRotation":0.0,"angularVelocity":0.0,"holonomicAngularVelocity":0.0},{"time":1.3114542011000747,"pose":{"rotation":{"radians":0.0},"translation":{"x":12.919659729920003,"y":6.72}},"velocity":3.8870857413954742,"acceleration":-2.99999999999993,"curvature":0,"holonomicRotation":0.0,"angularVelocity":0.0,"holonomicAngularVelocity":0.0},{"time":1.3178134044429521,"pose":{"rotation":{"radians":0.0},"translation":{"x":12.944317839360002,"y":6.72}},"velocity":3.8680081313668424,"acceleration":-2.9999999999999303,"curvature":0,"holonomicRotation":0.0,"angularVelocity":0.0,"holonomicAngularVelocity":0.0},{"time":1.3242032861398703,"pose":{"rotation":{"radians":0.0},"translation":{"x":12.968972707840003,"y":6.72}},"velocity":3.848838486276088,"acceleration":-3.0,"curvature":0,"holonomicRotation":0.0,"angularVelocity":0.0,"holonomicAngularVelocity":0.0},{"time":1.330623883740533,"pose":{"rotation":{"radians":0.0},"translation":{"x":12.99362271488,"y":6.72}},"velocity":3.8295766934741,"acceleration":-2.9999999999999654,"curvature":0,"holonomicRotation":0.0,"angularVelocity":0.0,"holonomicAngularVelocity":0.0},{"time":1.3370752377806618,"pose":{"rotation":{"radians":0.0},"translation":{"x":13.01826624,"y":6.72}},"velocity":3.8102226313537138,"acceleration":-2.9999999999999654,"curvature":0,"holonomicRotation":0.0,"angularVelocity":0.0,"holonomicAngularVelocity":0.0},{"time":1.3435573918677155,"pose":{"rotation":{"radians":0.0},"translation":{"x":13.042901662720002,"y":6.72}},"velocity":3.790776169092553,"acceleration":-2.999999999999966,"curvature":0,"holonomicRotation":0.0,"angularVelocity":0.0,"holonomicAngularVelocity":0.0},{"time":1.35007039277039,"pose":{"rotation":{"radians":0.0},"translation":{"x":13.067527362560002,"y":6.72}},"velocity":3.7712371663845294,"acceleration":-2.999999999999966,"curvature":0,"holonomicRotation":0.0,"angularVelocity":0.0,"holonomicAngularVelocity":0.0},{"time":1.3566142905120802,"pose":{"rotation":{"radians":0.0},"translation":{"x":13.092141719040002,"y":6.72}},"velocity":3.7516054731594592,"acceleration":-3.0,"curvature":0,"holonomicRotation":0.0,"angularVelocity":0.0,"holonomicAngularVelocity":0.0},{"time":1.3631891384684942,"pose":{"rotation":{"radians":0.0},"translation":{"x":13.116743111680002,"y":6.72}},"velocity":3.731880929290217,"acceleration":-3.0,"curvature":0,"holonomicRotation":0.0,"angularVelocity":0.0,"holonomicAngularVelocity":0.0},{"time":1.3697949934696434,"pose":{"rotation":{"radians":0.0},"translation":{"x":13.141329920000002,"y":6.72}},"velocity":3.7120633642867698,"acceleration":-2.9999999999999662,"curvature":0,"holonomicRotation":0.0,"angularVelocity":0.0,"holonomicAngularVelocity":0.0},{"time":1.3764319159064133,"pose":{"rotation":{"radians":0.0},"translation":{"x":13.165900523520001,"y":6.72}},"velocity":3.69215259697646,"acceleration":-3.0,"curvature":0,"holonomicRotation":0.0,"angularVelocity":0.0,"holonomicAngularVelocity":0.0},{"time":1.3830999698419664,"pose":{"rotation":{"radians":0.0},"translation":{"x":13.190453301760002,"y":6.72}},"velocity":3.6721484351698006,"acceleration":-3.0000000000000333,"curvature":0,"holonomicRotation":0.0,"angularVelocity":0.0,"holonomicAngularVelocity":0.0},{"time":1.3897992231282112,"pose":{"rotation":{"radians":0.0},"translation":{"x":13.214986634240002,"y":6.72}},"velocity":3.6520506753110658,"acceleration":-3.0000000000000333,"curvature":0,"holonomicRotation":0.0,"angularVelocity":0.0,"holonomicAngularVelocity":0.0},{"time":1.3965297475276137,"pose":{"rotation":{"radians":0.0},"translation":{"x":13.239498900480001,"y":6.72}},"velocity":3.6318591021128586,"acceleration":-2.999999999999967,"curvature":0,"holonomicRotation":0.0,"angularVelocity":0.0,"holonomicAngularVelocity":0.0},{"time":1.4032916188406266,"pose":{"rotation":{"radians":0.0},"translation":{"x":13.263988480000002,"y":6.72}},"velocity":3.61157348817382,"acceleration":-3.0,"curvature":0,"holonomicRotation":0.0,"angularVelocity":0.0,"holonomicAngularVelocity":0.0},{"time":1.4100849170390317,"pose":{"rotation":{"radians":0.0},"translation":{"x":13.288453752320002,"y":6.72}},"velocity":3.5911935935786046,"acceleration":-3.0,"curvature":0,"holonomicRotation":0.0,"angularVelocity":0.0,"holonomicAngularVelocity":0.0},{"time":1.4169097264055213,"pose":{"rotation":{"radians":0.0},"translation":{"x":13.312893096960002,"y":6.72}},"velocity":3.5707191654791357,"acceleration":-3.0000000000000324,"curvature":0,"holonomicRotation":0.0,"angularVelocity":0.0,"holonomicAngularVelocity":0.0},{"time":1.4237661356798477,"pose":{"rotation":{"radians":0.0},"translation":{"x":13.337304893440002,"y":6.72}},"velocity":3.5501499376561565,"acceleration":-3.0,"curvature":0,"holonomicRotation":0.0,"angularVelocity":0.0,"holonomicAngularVelocity":0.0},{"time":1.4306542382119007,"pose":{"rotation":{"radians":0.0},"translation":{"x":13.361687521280002,"y":6.72}},"velocity":3.529485630059997,"acceleration":-3.0000000000000644,"curvature":0,"holonomicRotation":0.0,"angularVelocity":0.0,"holonomicAngularVelocity":0.0},{"time":1.4375741321221012,"pose":{"rotation":{"radians":0.0},"translation":{"x":13.386039360000002,"y":6.72}},"velocity":3.5087259483293955,"acceleration":-3.0,"curvature":0,"holonomicRotation":0.0,"angularVelocity":0.0,"holonomicAngularVelocity":0.0},{"time":1.4445259204695082,"pose":{"rotation":{"radians":0.0},"translation":{"x":13.410358789120002,"y":6.72}},"velocity":3.4878705832871746,"acceleration":-2.999999999999968,"curvature":0,"holonomicRotation":0.0,"angularVelocity":0.0,"holonomicAngularVelocity":0.0},{"time":1.45150971142808,"pose":{"rotation":{"radians":0.0},"translation":{"x":13.434644188160002,"y":6.72}},"velocity":3.4669192104114592,"acceleration":-3.000000000000032,"curvature":0,"holonomicRotation":0.0,"angularVelocity":0.0,"holonomicAngularVelocity":0.0},{"time":1.4585256184715492,"pose":{"rotation":{"radians":0.0},"translation":{"x":13.458893936640003,"y":6.72}},"velocity":3.445871489281051,"acceleration":-3.0000000000000635,"curvature":0,"holonomicRotation":0.0,"angularVelocity":0.0,"holonomicAngularVelocity":0.0},{"time":1.4655737605674029,"pose":{"rotation":{"radians":0.0},"translation":{"x":13.483106414080002,"y":6.72}},"velocity":3.42472706299349,"acceleration":-3.0000000000000315,"curvature":0,"holonomicRotation":0.0,"angularVelocity":0.0,"holonomicAngularVelocity":0.0},{"time":1.4726542623805,"pose":{"rotation":{"radians":0.0},"translation":{"x":13.507280000000002,"y":6.72}},"velocity":3.4034855575541987,"acceleration":-3.0,"curvature":0,"holonomicRotation":0.0,"angularVelocity":0.0,"holonomicAngularVelocity":0.0},{"time":1.479767254486879,"pose":{"rotation":{"radians":0.0},"translation":{"x":13.531413073920001,"y":6.72}},"velocity":3.3821465812350615,"acceleration":-3.0,"curvature":0,"holonomicRotation":0.0,"angularVelocity":0.0,"holonomicAngularVelocity":0.0},{"time":1.4869128735983679,"pose":{"rotation":{"radians":0.0},"translation":{"x":13.555504015360002,"y":6.72}},"velocity":3.3607097239005945,"acceleration":-3.000000000000031,"curvature":0,"holonomicRotation":0.0,"angularVelocity":0.0,"holonomicAngularVelocity":0.0},{"time":1.4940912627986302,"pose":{"rotation":{"radians":0.0},"translation":{"x":13.579551203840001,"y":6.72}},"velocity":3.3391745562998074,"acceleration":-3.0,"curvature":0,"holonomicRotation":0.0,"angularVelocity":0.0,"holonomicAngularVelocity":0.0},{"time":1.501302571791343,"pose":{"rotation":{"radians":0.0},"translation":{"x":13.603553018880001,"y":6.72}},"velocity":3.3175406293216687,"acceleration":-3.0000000000000306,"curvature":0,"holonomicRotation":0.0,"angularVelocity":0.0,"holonomicAngularVelocity":0.0},{"time":1.5085469571612355,"pose":{"rotation":{"radians":0.0},"translation":{"x":13.627507840000002,"y":6.72}},"velocity":3.2958074732119917,"acceleration":-2.9999999999999387,"curvature":0,"holonomicRotation":0.0,"angularVelocity":0.0,"holonomicAngularVelocity":0.0},{"time":1.515824582648786,"pose":{"rotation":{"radians":0.0},"translation":{"x":13.651414046720003,"y":6.72}},"velocity":3.27397459674934,"acceleration":-3.000000000000061,"curvature":0,"holonomicRotation":0.0,"angularVelocity":0.0,"holonomicAngularVelocity":0.0},{"time":1.5231356194394186,"pose":{"rotation":{"radians":0.0},"translation":{"x":13.675270018560003,"y":6.72}},"velocity":3.2520414863774425,"acceleration":-2.99999999999997,"curvature":0,"holonomicRotation":0.0,"angularVelocity":0.0,"holonomicAngularVelocity":0.0},{"time":1.530480246468114,"pose":{"rotation":{"radians":0.0},"translation":{"x":13.699074135040004,"y":6.72}},"velocity":3.2300076052913558,"acceleration":-3.0000000000000604,"curvature":0,"holonomicRotation":0.0,"angularVelocity":0.0,"holonomicAngularVelocity":0.0},{"time":1.5378586507404028,"pose":{"rotation":{"radians":0.0},"translation":{"x":13.722824775680003,"y":6.72}},"velocity":3.207872392474489,"acceleration":-3.00000000000003,"curvature":0,"holonomicRotation":0.0,"angularVelocity":0.0,"holonomicAngularVelocity":0.0},{"time":1.5452710276708002,"pose":{"rotation":{"radians":0.0},"translation":{"x":13.746520320000002,"y":6.72}},"velocity":3.1856352616832972,"acceleration":-2.9999999999999702,"curvature":0,"holonomicRotation":0.0,"angularVelocity":0.0,"holonomicAngularVelocity":0.0},{"time":1.552717581439802,"pose":{"rotation":{"radians":0.0},"translation":{"x":13.770159147520003,"y":6.72}},"velocity":3.163295600376292,"acceleration":-2.9999999999999702,"curvature":0,"holonomicRotation":0.0,"angularVelocity":0.0,"holonomicAngularVelocity":0.0},{"time":1.5601985253706596,"pose":{"rotation":{"radians":0.0},"translation":{"x":13.793739637760002,"y":6.72}},"velocity":3.140852768583719,"acceleration":-3.0,"curvature":0,"holonomicRotation":0.0,"angularVelocity":0.0,"holonomicAngularVelocity":0.0},{"time":1.567714082327249,"pose":{"rotation":{"radians":0.0},"translation":{"x":13.817260170240003,"y":6.72}},"velocity":3.1183060977139507,"acceleration":-3.0,"curvature":0,"holonomicRotation":0.0,"angularVelocity":0.0,"holonomicAngularVelocity":0.0},{"time":1.5752644851344286,"pose":{"rotation":{"radians":0.0},"translation":{"x":13.840719124480001,"y":6.72}},"velocity":3.095654889292412,"acceleration":-3.0000000000000293,"curvature":0,"holonomicRotation":0.0,"angularVelocity":0.0,"holonomicAngularVelocity":0.0},{"time":1.5828499770224287,"pose":{"rotation":{"radians":0.0},"translation":{"x":13.864114880000002,"y":6.72}},"velocity":3.0728984136284114,"acceleration":-3.0000000000000293,"curvature":0,"holonomicRotation":0.0,"angularVelocity":0.0,"holonomicAngularVelocity":0.0},{"time":1.5904708120968938,"pose":{"rotation":{"radians":0.0},"translation":{"x":13.887445816320001,"y":6.72}},"velocity":3.0500359084050164,"acceleration":-2.9999999999999707,"curvature":0,"holonomicRotation":0.0,"angularVelocity":0.0,"holonomicAngularVelocity":0.0},{"time":1.5981272558363766,"pose":{"rotation":{"radians":0.0},"translation":{"x":13.910710312960003,"y":6.72}},"velocity":3.0270665771865684,"acceleration":-2.999999999999942,"curvature":0,"holonomicRotation":0.0,"angularVelocity":0.0,"holonomicAngularVelocity":0.0},{"time":1.605819585619183,"pose":{"rotation":{"radians":0.0},"translation":{"x":13.933906749440002,"y":6.72}},"velocity":3.003989587838149,"acceleration":-3.0,"curvature":0,"holonomicRotation":0.0,"angularVelocity":0.0,"holonomicAngularVelocity":0.0},{"time":1.613548091281671,"pose":{"rotation":{"radians":0.0},"translation":{"x":13.957033505280002,"y":6.72}},"velocity":2.9808040708506844,"acceleration":-3.0000000000000573,"curvature":0,"holonomicRotation":0.0,"angularVelocity":0.0,"holonomicAngularVelocity":0.0},{"time":1.6213130757102376,"pose":{"rotation":{"radians":0.0},"translation":{"x":13.980088960000002,"y":6.72}},"velocity":2.9575091175649844,"acceleration":-3.0000000000000573,"curvature":0,"holonomicRotation":0.0,"angularVelocity":0.0,"holonomicAngularVelocity":0.0},{"time":1.629114855469455,"pose":{"rotation":{"radians":0.0},"translation":{"x":14.003071493120004,"y":6.72}},"velocity":2.9341037782873323,"acceleration":-3.0,"curvature":0,"holonomicRotation":0.0,"angularVelocity":0.0,"holonomicAngularVelocity":0.0},{"time":1.6369537614689995,"pose":{"rotation":{"radians":0.0},"translation":{"x":14.025979484160002,"y":6.72}},"velocity":2.9105870602886985,"acceleration":-3.0000000000000284,"curvature":0,"holonomicRotation":0.0,"angularVelocity":0.0,"holonomicAngularVelocity":0.0},{"time":1.6448301396722775,"pose":{"rotation":{"radians":0.0},"translation":{"x":14.048811312640002,"y":6.72}},"velocity":2.8869579256788644,"acceleration":-3.0,"curvature":0,"holonomicRotation":0.0,"angularVelocity":0.0,"holonomicAngularVelocity":0.0},{"time":1.6527443518498646,"pose":{"rotation":{"radians":0.0},"translation":{"x":14.071565358080003,"y":6.72}},"velocity":2.8632152891461033,"acceleration":-3.0,"curvature":0,"holonomicRotation":0.0,"angularVelocity":0.0,"holonomicAngularVelocity":0.0},{"time":1.6606967763811964,"pose":{"rotation":{"radians":0.0},"translation":{"x":14.094240000000003,"y":6.72}},"velocity":2.8393580155521074,"acceleration":-3.000000000000056,"curvature":0,"holonomicRotation":0.0,"angularVelocity":0.0,"holonomicAngularVelocity":0.0},{"time":1.6686878091082389,"pose":{"rotation":{"radians":0.0},"translation":{"x":14.116833617920003,"y":6.72}},"velocity":2.81538491737098,"acceleration":-3.0,"curvature":0,"holonomicRotation":0.0,"angularVelocity":0.0,"holonomicAngularVelocity":0.0},{"time":1.6767178642451983,"pose":{"rotation":{"radians":0.0},"translation":{"x":14.139344591360002,"y":6.72}},"velocity":2.7912947519601015,"acceleration":-3.0000000000000275,"curvature":0,"holonomicRotation":0.0,"angularVelocity":0.0,"holonomicAngularVelocity":0.0},{"time":1.684787375348731,"pose":{"rotation":{"radians":0.0},"translation":{"x":14.161771299840002,"y":6.72}},"velocity":2.7670862186495038,"acceleration":-2.999999999999945,"curvature":0,"holonomicRotation":0.0,"angularVelocity":0.0,"holonomicAngularVelocity":0.0},{"time":1.6928967963535102,"pose":{"rotation":{"radians":0.0},"translation":{"x":14.184112122880004,"y":6.72}},"velocity":2.7427579556351662,"acceleration":-3.0,"curvature":0,"holonomicRotation":0.0,"angularVelocity":0.0,"holonomicAngularVelocity":0.0},{"time":1.7010466026784814,"pose":{"rotation":{"radians":0.0},"translation":{"x":14.206365440000003,"y":6.72}},"velocity":2.7183085366602526,"acceleration":-3.0,"curvature":0,"holonomicRotation":0.0,"angularVelocity":0.0,"holonomicAngularVelocity":0.0},{"time":1.7092372924096637,"pose":{"rotation":{"radians":0.0},"translation":{"x":14.228529630720002,"y":6.72}},"velocity":2.6937364674667053,"acceleration":-3.000000000000054,"curvature":0,"holonomicRotation":0.0,"angularVelocity":0.0,"holonomicAngularVelocity":0.0},{"time":1.7174693875658933,"pose":{"rotation":{"radians":0.0},"translation":{"x":14.250603074560003,"y":6.72}},"velocity":2.669040181998016,"acceleration":-3.0000000000000537,"curvature":0,"holonomicRotation":0.0,"angularVelocity":0.0,"holonomicAngularVelocity":0.0},{"time":1.7257434354545864,"pose":{"rotation":{"radians":0.0},"translation":{"x":14.272584151040004,"y":6.72}},"velocity":2.6442180383319367,"acceleration":-3.0,"curvature":0,"holonomicRotation":0.0,"angularVelocity":0.0,"holonomicAngularVelocity":0.0},{"time":1.7340600101252783,"pose":{"rotation":{"radians":0.0},"translation":{"x":14.294471239680002,"y":6.72}},"velocity":2.619268314319861,"acceleration":-2.9999999999999734,"curvature":0,"holonomicRotation":0.0,"angularVelocity":0.0,"holonomicAngularVelocity":0.0},{"time":1.7424197139295168,"pose":{"rotation":{"radians":0.0},"translation":{"x":14.316262720000001,"y":6.72}},"velocity":2.594189202907146,"acceleration":-3.0,"curvature":0,"holonomicRotation":0.0,"angularVelocity":0.0,"holonomicAngularVelocity":0.0},{"time":1.7508231791965492,"pose":{"rotation":{"radians":0.0},"translation":{"x":14.33795697152,"y":6.72}},"velocity":2.568978807106048,"acceleration":-3.000000000000053,"curvature":0,"holonomicRotation":0.0,"angularVelocity":0.0,"holonomicAngularVelocity":0.0},{"time":1.7592710700352763,"pose":{"rotation":{"radians":0.0},"translation":{"x":14.359552373760001,"y":6.72}},"velocity":2.543635134589867,"acceleration":-3.0,"curvature":0,"holonomicRotation":0.0,"angularVelocity":0.0,"holonomicAngularVelocity":0.0},{"time":1.7677640842740399,"pose":{"rotation":{"radians":0.0},"translation":{"x":14.381047306240003,"y":6.72}},"velocity":2.518156091873576,"acceleration":-3.0,"curvature":0,"holonomicRotation":0.0,"angularVelocity":0.0,"holonomicAngularVelocity":0.0},{"time":1.77630295555109,"pose":{"rotation":{"radians":0.0},"translation":{"x":14.402440148480002,"y":6.72}},"velocity":2.4925394780424255,"acceleration":-3.0,"curvature":0,"holonomicRotation":0.0,"angularVelocity":0.0,"holonomicAngularVelocity":0.0},{"time":1.784888455569998,"pose":{"rotation":{"radians":0.0},"translation":{"x":14.423729280000002,"y":6.72}},"velocity":2.466782977985702,"acceleration":-2.9999999999999742,"curvature":0,"holonomicRotation":0.0,"angularVelocity":0.0,"holonomicAngularVelocity":0.0},{"time":1.7935213965358754,"pose":{"rotation":{"radians":0.0},"translation":{"x":14.444913080320003,"y":6.72}},"velocity":2.44088415508807,"acceleration":-2.9999999999999742,"curvature":0,"holonomicRotation":0.0,"angularVelocity":0.0,"holonomicAngularVelocity":0.0},{"time":1.8022026337900996,"pose":{"rotation":{"radians":0.0},"translation":{"x":14.465989928960003,"y":6.72}},"velocity":2.4148404433253976,"acceleration":-2.9999999999999742,"curvature":0,"holonomicRotation":0.0,"angularVelocity":0.0,"holonomicAngularVelocity":0.0},{"time":1.8109330686632956,"pose":{"rotation":{"radians":0.0},"translation":{"x":14.486958205440002,"y":6.72}},"velocity":2.388649138705809,"acceleration":-3.000000000000051,"curvature":0,"holonomicRotation":0.0,"angularVelocity":0.0,"holonomicAngularVelocity":0.0},{"time":1.8197136515686616,"pose":{"rotation":{"radians":0.0},"translation":{"x":14.507816289280003,"y":6.72}},"velocity":2.362307389989711,"acceleration":-3.0,"curvature":0,"holonomicRotation":0.0,"angularVelocity":0.0,"holonomicAngularVelocity":0.0},{"time":1.828545385360403,"pose":{"rotation":{"radians":0.0},"translation":{"x":14.528562560000003,"y":6.72}},"velocity":2.3358121886144874,"acceleration":-2.99999999999995,"curvature":0,"holonomicRotation":0.0,"angularVelocity":0.0,"holonomicAngularVelocity":0.0},{"time":1.8374293289850818,"pose":{"rotation":{"radians":0.0},"translation":{"x":14.549195397120002,"y":6.72}},"velocity":2.309160357740451,"acceleration":-3.0,"curvature":0,"holonomicRotation":0.0,"angularVelocity":0.0,"holonomicAngularVelocity":0.0},{"time":1.846366601457165,"pose":{"rotation":{"radians":0.0},"translation":{"x":14.56971318016,"y":6.72}},"velocity":2.2823485403242016,"acceleration":-3.0,"curvature":0,"holonomicRotation":0.0,"angularVelocity":0.0,"holonomicAngularVelocity":0.0},{"time":1.8553583861940475,"pose":{"rotation":{"radians":0.0},"translation":{"x":14.590114288640002,"y":6.72}},"velocity":2.2553731861135544,"acceleration":-2.9999999999999507,"curvature":0,"holonomicRotation":0.0,"angularVelocity":0.0,"holonomicAngularVelocity":0.0},{"time":1.8644059357504137,"pose":{"rotation":{"radians":0.0},"translation":{"x":14.610397102080002,"y":6.72}},"velocity":2.2282305374444555,"acceleration":-3.0000000000000244,"curvature":0,"holonomicRotation":0.0,"angularVelocity":0.0,"holonomicAngularVelocity":0.0},{"time":1.8735105769971019,"pose":{"rotation":{"radians":0.0},"translation":{"x":14.630560000000003,"y":6.72}},"velocity":2.200916613704391,"acceleration":-2.9999999999999756,"curvature":0,"holonomicRotation":0.0,"angularVelocity":0.0,"holonomicAngularVelocity":0.0},{"time":1.8826737167957106,"pose":{"rotation":{"radians":0.0},"translation":{"x":14.650601361920003,"y":6.72}},"velocity":2.173427194308565,"acceleration":-3.0,"curvature":0,"holonomicRotation":0.0,"angularVelocity":0.0,"holonomicAngularVelocity":0.0},{"time":1.8918968482273029,"pose":{"rotation":{"radians":0.0},"translation":{"x":14.670519567360001,"y":6.72}},"velocity":2.1457578000137882,"acceleration":-3.0,"curvature":0,"holonomicRotation":0.0,"angularVelocity":0.0,"holonomicAngularVelocity":0.0},{"time":1.9011815574417674,"pose":{"rotation":{"radians":0.0},"translation":{"x":14.690312995840003,"y":6.72}},"velocity":2.117903672370394,"acceleration":-3.000000000000048,"curvature":0,"holonomicRotation":0.0,"angularVelocity":0.0,"holonomicAngularVelocity":0.0},{"time":1.9105295312039683,"pose":{"rotation":{"radians":0.0},"translation":{"x":14.709980026880002,"y":6.72}},"velocity":2.0898597510837913,"acceleration":-3.0000000000000235,"curvature":0,"holonomicRotation":0.0,"angularVelocity":0.0,"holonomicAngularVelocity":0.0},{"time":1.9199425652240716,"pose":{"rotation":{"radians":0.0},"translation":{"x":14.729519040000003,"y":6.72}},"velocity":2.061620649023481,"acceleration":-3.0000000000000235,"curvature":0,"holonomicRotation":0.0,"angularVelocity":0.0,"holonomicAngularVelocity":0.0},{"time":1.9294225733725143,"pose":{"rotation":{"radians":0.0},"translation":{"x":14.748928414720002,"y":6.72}},"velocity":2.033180624578153,"acceleration":-3.0,"curvature":0,"holonomicRotation":0.0,"angularVelocity":0.0,"holonomicAngularVelocity":0.0},{"time":1.9389715978956275,"pose":{"rotation":{"radians":0.0},"translation":{"x":14.768206530560002,"y":6.72}},"velocity":2.0045335510088136,"acceleration":-3.0,"curvature":0,"holonomicRotation":0.0,"angularVelocity":0.0,"holonomicAngularVelocity":0.0},{"time":1.9485918207661364,"pose":{"rotation":{"radians":0.0},"translation":{"x":14.787351767040002,"y":6.72}},"velocity":1.9756728823972867,"acceleration":-3.000000000000023,"curvature":0,"holonomicRotation":0.0,"angularVelocity":0.0,"holonomicAngularVelocity":0.0},{"time":1.9582855763244955,"pose":{"rotation":{"radians":0.0},"translation":{"x":14.806362503680003,"y":6.72}},"velocity":1.9465916157222092,"acceleration":-3.0,"curvature":0,"holonomicRotation":0.0,"angularVelocity":0.0,"holonomicAngularVelocity":0.0},{"time":1.9680553653927586,"pose":{"rotation":{"radians":0.0},"translation":{"x":14.82523712,"y":6.72}},"velocity":1.9172822485174197,"acceleration":-3.0000000000000226,"curvature":0,"holonomicRotation":0.0,"angularVelocity":0.0,"holonomicAngularVelocity":0.0},{"time":1.9779038710735577,"pose":{"rotation":{"radians":0.0},"translation":{"x":14.843973995520003,"y":6.72}},"velocity":1.8877367314750224,"acceleration":-3.0,"curvature":0,"holonomicRotation":0.0,"angularVelocity":0.0,"holonomicAngularVelocity":0.0},{"time":1.9878339764837216,"pose":{"rotation":{"radians":0.0},"translation":{"x":14.862571509760002,"y":6.72}},"velocity":1.8579464152445309,"acceleration":-2.999999999999978,"curvature":0,"holonomicRotation":0.0,"angularVelocity":0.0,"holonomicAngularVelocity":0.0},{"time":1.99784878471675,"pose":{"rotation":{"radians":0.0},"translation":{"x":14.881028042240002,"y":6.72}},"velocity":1.8279019905454457,"acceleration":-2.999999999999978,"curvature":0,"holonomicRotation":0.0,"angularVelocity":0.0,"holonomicAngularVelocity":0.0},{"time":2.0079516413823293,"pose":{"rotation":{"radians":0.0},"translation":{"x":14.899341972480002,"y":6.72}},"velocity":1.797593420548708,"acceleration":-3.0,"curvature":0,"holonomicRotation":0.0,"angularVelocity":0.0,"holonomicAngularVelocity":0.0},{"time":2.018146160136945,"pose":{"rotation":{"radians":0.0},"translation":{"x":14.917511680000002,"y":6.72}},"velocity":1.767009864284861,"acceleration":-3.0000000000000435,"curvature":0,"holonomicRotation":0.0,"angularVelocity":0.0,"holonomicAngularVelocity":0.0},{"time":2.0284362517001444,"pose":{"rotation":{"radians":0.0},"translation":{"x":14.935535544320002,"y":6.72}},"velocity":1.7361395895952616,"acceleration":-3.000000000000065,"curvature":0,"holonomicRotation":0.0,"angularVelocity":0.0,"holonomicAngularVelocity":0.0},{"time":2.038826156950137,"pose":{"rotation":{"radians":0.0},"translation":{"x":14.953411944960003,"y":6.72}},"velocity":1.704969873845283,"acceleration":-3.0000000000000426,"curvature":0,"holonomicRotation":0.0,"angularVelocity":0.0,"holonomicAngularVelocity":0.0},{"time":2.0493204848150928,"pose":{"rotation":{"radians":0.0},"translation":{"x":14.971139261440001,"y":6.72}},"velocity":1.6734868902504163,"acceleration":-2.9999999999999787,"curvature":0,"holonomicRotation":0.0,"angularVelocity":0.0,"holonomicAngularVelocity":0.0},{"time":2.059924255829355,"pose":{"rotation":{"radians":0.0},"translation":{"x":14.988715873280002,"y":6.72}},"velocity":1.6416755772076295,"acceleration":-2.999999999999979,"curvature":0,"holonomicRotation":0.0,"angularVelocity":0.0,"holonomicAngularVelocity":0.0},{"time":2.0706429524153673,"pose":{"rotation":{"radians":0.0},"translation":{"x":15.006140160000003,"y":6.72}},"velocity":1.6095194874495924,"acceleration":-3.0000000000000413,"curvature":0,"holonomicRotation":0.0,"angularVelocity":0.0,"holonomicAngularVelocity":0.0},{"time":2.081482577194102,"pose":{"rotation":{"radians":0.0},"translation":{"x":15.023410501120003,"y":6.72}},"velocity":1.5770006131133876,"acceleration":-3.000000000000041,"curvature":0,"holonomicRotation":0.0,"angularVelocity":0.0,"holonomicAngularVelocity":0.0},{"time":2.092449720934515,"pose":{"rotation":{"radians":0.0},"translation":{"x":15.040525276160002,"y":6.72}},"velocity":1.5440991818921488,"acceleration":-3.0000000000000204,"curvature":0,"holonomicRotation":0.0,"angularVelocity":0.0,"holonomicAngularVelocity":0.0},{"time":2.103551642147188,"pose":{"rotation":{"radians":0.0},"translation":{"x":15.057482864640003,"y":6.72}},"velocity":1.5107934182541307,"acceleration":-2.99999999999996,"curvature":0,"holonomicRotation":0.0,"angularVelocity":0.0,"holonomicAngularVelocity":0.0},{"time":2.1147963608376315,"pose":{"rotation":{"radians":0.0},"translation":{"x":15.074281646080003,"y":6.72}},"velocity":1.4770592621828005,"acceleration":-2.999999999999941,"curvature":0,"holonomicRotation":0.0,"angularVelocity":0.0,"holonomicAngularVelocity":0.0},{"time":2.1261927696006517,"pose":{"rotation":{"radians":0.0},"translation":{"x":15.090920000000002,"y":6.72}},"velocity":1.4428700358937399,"acceleration":-2.9999999999999805,"curvature":0,"holonomicRotation":0.0,"angularVelocity":0.0,"holonomicAngularVelocity":0.0},{"time":2.137750766114731,"pose":{"rotation":{"radians":0.0},"translation":{"x":15.107396305920002,"y":6.72}},"velocity":1.4081960463515033,"acceleration":-2.9999999999999423,"curvature":0,"holonomicRotation":0.0,"angularVelocity":0.0,"holonomicAngularVelocity":0.0},{"time":2.149481412264051,"pose":{"rotation":{"radians":0.0},"translation":{"x":15.123708943360002,"y":6.72}},"velocity":1.3730041079035424,"acceleration":-3.0,"curvature":0,"holonomicRotation":0.0,"angularVelocity":0.0,"holonomicAngularVelocity":0.0},{"time":2.16139712668999,"pose":{"rotation":{"radians":0.0},"translation":{"x":15.139856291840001,"y":6.72}},"velocity":1.3372569646257257,"acceleration":-2.9999999999999813,"curvature":0,"holonomicRotation":0.0,"angularVelocity":0.0,"holonomicAngularVelocity":0.0},{"time":2.173511919720661,"pose":{"rotation":{"radians":0.0},"translation":{"x":15.15583673088,"y":6.72}},"velocity":1.3009125855337131,"acceleration":-3.0,"curvature":0,"holonomicRotation":0.0,"angularVelocity":0.0,"holonomicAngularVelocity":0.0},{"time":2.185841682594155,"pose":{"rotation":{"radians":0.0},"translation":{"x":15.17164864,"y":6.72}},"velocity":1.2639232969132306,"acceleration":-3.000000000000054,"curvature":0,"holonomicRotation":0.0,"angularVelocity":0.0,"holonomicAngularVelocity":0.0},{"time":2.1984045470526903,"pose":{"rotation":{"radians":0.0},"translation":{"x":15.187290398720002,"y":6.72}},"velocity":1.2262347035376238,"acceleration":-3.000000000000053,"curvature":0,"holonomicRotation":0.0,"angularVelocity":0.0,"holonomicAngularVelocity":0.0},{"time":2.2112213373161236,"pose":{"rotation":{"radians":0.0},"translation":{"x":15.202760386560001,"y":6.72}},"velocity":1.1877843327473245,"acceleration":-2.999999999999948,"curvature":0,"holonomicRotation":0.0,"angularVelocity":0.0,"holonomicAngularVelocity":0.0},{"time":2.224316145048036,"pose":{"rotation":{"radians":0.0},"translation":{"x":15.218056983040002,"y":6.72}},"velocity":1.1484999095515867,"acceleration":-3.0,"curvature":0,"holonomicRotation":0.0,"angularVelocity":0.0,"holonomicAngularVelocity":0.0},{"time":2.2377170706578684,"pose":{"rotation":{"radians":0.0},"translation":{"x":15.233178567680001,"y":6.72}},"velocity":1.1082971327220905,"acceleration":-2.9999999999999667,"curvature":0,"holonomicRotation":0.0,"angularVelocity":0.0,"holonomicAngularVelocity":0.0},{"time":2.251457193532232,"pose":{"rotation":{"radians":0.0},"translation":{"x":15.248123520000004,"y":6.72}},"velocity":1.0670767640990004,"acceleration":-2.999999999999984,"curvature":0,"holonomicRotation":0.0,"angularVelocity":0.0,"holonomicAngularVelocity":0.0},{"time":2.265575863617005,"pose":{"rotation":{"radians":0.0},"translation":{"x":15.262890219520001,"y":6.72}},"velocity":1.0247207538446803,"acceleration":-3.0000000000000155,"curvature":0,"holonomicRotation":0.0,"angularVelocity":0.0,"holonomicAngularVelocity":0.0},{"time":2.2801204542879354,"pose":{"rotation":{"radians":0.0},"translation":{"x":15.277477045760001,"y":6.72}},"velocity":0.9810869818318901,"acceleration":-2.9999999999999543,"curvature":0,"holonomicRotation":0.0,"angularVelocity":0.0,"holonomicAngularVelocity":0.0},{"time":2.2951487945573676,"pose":{"rotation":{"radians":0.0},"translation":{"x":15.29188237824,"y":6.72}},"velocity":0.9360019610235937,"acceleration":-2.9999999999999853,"curvature":0,"holonomicRotation":0.0,"angularVelocity":0.0,"holonomicAngularVelocity":0.0},{"time":2.310732631794864,"pose":{"rotation":{"radians":0.0},"translation":{"x":15.306104596480003,"y":6.72}},"velocity":0.8892504493111035,"acceleration":-3.0000000000000284,"curvature":0,"holonomicRotation":0.0,"angularVelocity":0.0,"holonomicAngularVelocity":0.0},{"time":2.3269627127856958,"pose":{"rotation":{"radians":0.0},"translation":{"x":15.320142080000002,"y":6.72}},"velocity":0.8405602063386085,"acceleration":-3.0000000000000204,"curvature":0,"holonomicRotation":0.0,"angularVelocity":0.0,"holonomicAngularVelocity":0.0},{"time":2.3439565129670354,"pose":{"rotation":{"radians":0.0},"translation":{"x":15.33399320832,"y":6.72}},"velocity":0.7895788057945898,"acceleration":-2.9999999999999805,"curvature":0,"holonomicRotation":0.0,"angularVelocity":0.0,"holonomicAngularVelocity":0.0},{"time":2.361870519771527,"pose":{"rotation":{"radians":0.0},"translation":{"x":15.34765636096,"y":6.72}},"velocity":0.7358367853811153,"acceleration":-3.0000000000000187,"curvature":0,"holonomicRotation":0.0,"angularVelocity":0.0,"holonomicAngularVelocity":0.0},{"time":2.380920843144037,"pose":{"rotation":{"radians":0.0},"translation":{"x":15.361129917440003,"y":6.72}},"velocity":0.6786858152635847,"acceleration":-3.0000000000000115,"curvature":0,"holonomicRotation":0.0,"angularVelocity":0.0,"holonomicAngularVelocity":0.0},{"time":2.4014202851719837,"pose":{"rotation":{"radians":0.0},"translation":{"x":15.374412257280003,"y":6.72}},"velocity":0.6171874891797443,"acceleration":-3.0000000000000107,"curvature":0,"holonomicRotation":0.0,"angularVelocity":0.0,"holonomicAngularVelocity":0.0},{"time":2.423851457553696,"pose":{"rotation":{"radians":0.0},"translation":{"x":15.387501760000003,"y":6.72}},"velocity":0.5498939720346082,"acceleration":-2.9999999999999902,"curvature":0,"holonomicRotation":0.0,"angularVelocity":0.0,"holonomicAngularVelocity":0.0},{"time":2.449030958990438,"pose":{"rotation":{"radians":0.0},"translation":{"x":15.40039680512,"y":6.72}},"velocity":0.47435546772438153,"acceleration":-2.999999999999978,"curvature":0,"holonomicRotation":0.0,"angularVelocity":0.0,"holonomicAngularVelocity":0.0},{"time":2.478559096286919,"pose":{"rotation":{"radians":0.0},"translation":{"x":15.413095772160002,"y":6.72}},"velocity":0.38577105583493915,"acceleration":-2.9999999999999942,"curvature":0,"holonomicRotation":0.0,"angularVelocity":0.0,"holonomicAngularVelocity":0.0},{"time":2.516588421147024,"pose":{"rotation":{"radians":0.0},"translation":{"x":15.425597040640001,"y":6.72}},"velocity":0.27168308125462487,"acceleration":-2.9999999999999885,"curvature":0,"holonomicRotation":0.0,"angularVelocity":0.0,"holonomicAngularVelocity":0.0},{"time":2.607149448231899,"pose":{"rotation":{"radians":0.0},"translation":{"x":15.437898990080003,"y":6.72}},"velocity":0,"acceleration":-3.0000000000000018,"curvature":0,"holonomicRotation":0.0,"angularVelocity":0.0,"holonomicAngularVelocity":0.0}]