[{"time":0.0,"pose":{"rotation":{"radians":3.141592653589793},"translation":{"x":6.87,"y":6.72}},"velocity":0,"acceleration":3.0,"curvature":0,"holonomicRotation":0.0,"angularVelocity":0.0,"holonomicAngularVelocity":0.0},{"time":0.08996925815706909,"pose":{"rotation":{"radians":3.141592653589793},"translation":{"x":6.85785829888,"y":6.72}},"velocity":0.2699077744712073,"acceleration":3.0,"curvature":0,"holonomicRotation":0.0,"angularVelocity":0.0,"holonomicAngularVelocity":0.0},{"time":0.12797210362679276,"pose":{"rotation":{"radians":3.141592653589793},"translation":{"x":6.84543471104,"y":6.72}},"velocity":0.38391631088037825,"acceleration":2.999999999999999,"curvature":0,"holonomicRotation":0.0,"angularVelocity":0.0,"holonomicAngularVelocity":0.0},{"time":0.15762506196668047,"pose":{"rotation":{"radians":3.141592653589793},"translation":{"x":6.83273150976,"y":6.72}},"velocity":0.4728751859000414,"acceleration":3.000000000000001,"curvature":0,"holonomicRotation":0.0,"angularVelocity":0.0,"holonomicAngularVelocity":0.0},{"time":0.1830282886696297,"pose":{"rotation":{"radians":3.141592653589793},"translation":{"x":6.81975096832,"y":6.72}},"velocity":0.5490848660088891,"acceleration":2.999999999999999,"curvature":0,"holonomicRotation":0.0,"angularVelocity":0.0,"holonomicAngularVelocity":0.0},{"time":0.20575817521222928,"pose":{"rotation":{"radians":3.141592653589793},"translation":{"x":6.80649536,"y":6.72}},"velocity":0.6172745256366878,"acceleration":3.0000000000000013,"curvature":0,"holonomicRotation":0.0,"angularVelocity":0.0,"holonomicAngularVelocity":0.0},{"time":0.22661721311497948,"pose":{"rotation":{"radians":3.141592653589793},"translation":{"x":6.79296695808,"y":6.72}},"velocity":0.6798516393449384,"acceleration":2.9999999999999987,"curvature":0,"holonomicRotation":0.0,"angularVelocity":0.0,"holonomicAngularVelocity":0.0},{"time":0.24607852968784782,"pose":{"rotation":{"radians":3.141592653589793},"translation":{"x":6.779168035840001,"y":6.72}},"velocity":0.7382355890635435,"acceleration":3.0000000000000013,"curvature":0,"holonomicRotation":0.0,"angularVelocity":0.0,"holonomicAngularVelocity":0.0},{"time":0.2644480206518224,"pose":{"rotation":{"radians":3.141592653589793},"translation":{"x":6.76510086656,"y":6.72}},"velocity":0.7933440619554671,"acceleration":3.0,"curvature":0,"holonomicRotation":0.0,"angularVelocity":0.0,"holonomicAngularVelocity":0.0},{"time":0.28193648986961584,"pose":{"rotation":{"radians":3.141592653589793},"translation":{"x":6.75076772352,"y":6.72}},"velocity":0.8458094696088476,"acceleration":3.000000000000006,"curvature":0,"holonomicRotation":0.0,"angularVelocity":0.0,"holonomicAngularVelocity":0.0},{"time":0.29869618901709094,"pose":{"rotation":{"radians":3.141592653589793},"translation":{"x":6.7361708799999995,"y":6.72}},"velocity":0.8960885670512729,"acceleration":3.0,"curvature":0,"holonomicRotation":0.0,"angularVelocity":0.0,"holonomicAngularVelocity":0.0},{"time":0.31484111413007476,"pose":{"rotation":{"radians":3.141592653589793},"translation":{"x":6.72131260928,"y":6.72}},"velocity":0.9445233423902244,"acceleration":3.0,"curvature":0,"holonomicRotation":0.0,"angularVelocity":0.0,"holonomicAngularVelocity":0.0},{"time":0.3304590901155549,"pose":{"rotation":{"radians":3.141592653589793},"translation":{"x":6.706195184639999,"y":6.72}},"velocity":0.9913772703466649,"acceleration":3.0000000000000036,"curvature":0,"holonomicRotation":0.0,"angularVelocity":0.0,"holonomicAngularVelocity":0.0},{"time":0.34561936735856275,"pose":{"rotation":{"radians":3.141592653589793},"translation":{"x":6.69082087936,"y":6.72}},"velocity":1.0368581020756884,"acceleration":3.0,"curvature":0,"holonomicRotation":0.0,"angularVelocity":0.0,"holonomicAngularVelocity":0.0},{"time":0.36037761055130324,"pose":{"rotation":{"radians":3.141592653589793},"translation":{"x":6.67519196672,"y":6.72}},"velocity":1.0811328316539097,"acceleration":2.999999999999989,"curvature":0,"holonomicRotation":0.0,"angularVelocity":0.0,"holonomicAngularVelocity":0.0},{"time":0.3747792950524352,"pose":{"rotation":{"radians":3.141592653589793},"translation":{"x":6.65931072,"y":6.72}},"velocity":1.1243378851573056,"acceleration":3.000000000000004,"curvature":0,"holonomicRotation":0.0,"angularVelocity":0.0,"holonomicAngularVelocity":0.0},{"time":0.3888620899667814,"pose":{"rotation":{"radians":3.141592653589793},"translation":{"x":6.64317941248,"y":6.72}},"velocity":1.1665862699003442,"acceleration":2.999999999999996,"curvature":0,"holonomicRotation":0.0,"angularVelocity":0.0,"holonomicAngularVelocity":0.0},{"time":0.4026575737604681,"pose":{"rotation":{"radians":3.141592653589793},"translation":{"x":6.62680031744,"y":6.72}},"velocity":1.2079727212814044,"acceleration":3.000000000000004,"curvature":0,"holonomicRotation":0.0,"angularVelocity":0.0,"holonomicAngularVelocity":0.0},{"time":0.4161924970010874,"pose":{"rotation":{"radians":3.141592653589793},"translation":{"x":6.61017570816,"y":6.72}},"velocity":1.2485774910032623,"acceleration":3.000000000000004,"curvature":0,"holonomicRotation":0.0,"angularVelocity":0.0,"holonomicAngularVelocity":0.0},{"time":0.4294897298578085,"pose":{"rotation":{"radians":3.141592653589793},"translation":{"x":6.59330785792,"y":6.72}},"velocity":1.2884691895734255,"acceleration":2.999999999999996,"curvature":0,"holonomicRotation":0.0,"angularVelocity":0.0,"holonomicAngularVelocity":0.0},{"time":0.44256898520645005,"pose":{"rotation":{"radians":3.141592653589793},"translation":{"x":6.57619904,"y":6.72}},"velocity":1.3277069556193501,"acceleration":2.9999999999999956,"curvature":0,"holonomicRotation":0.0,"angularVelocity":0.0,"holonomicAngularVelocity":0.0},{"time":0.4554473788265777,"pose":{"rotation":{"radians":3.141592653589793},"translation":{"x":6.55885152768,"y":6.72}},"velocity":1.366342136479733,"acceleration":2.9999999999999916,"curvature":0,"holonomicRotation":0.0,"angularVelocity":0.0,"holonomicAngularVelocity":0.0},{"time":0.468139869241377,"pose":{"rotation":{"radians":3.141592653589793},"translation":{"x":6.54126759424,"y":6.72}},"velocity":1.4044196077241309,"acceleration":2.9999999999999956,"curvature":0,"holonomicRotation":0.0,"angularVelocity":0.0,"holonomicAngularVelocity":0.0},{"time":0.4806596072343366,"pose":{"rotation":{"radians":3.141592653589793},"translation":{"x":6.52344951296,"y":6.72}},"velocity":1.4419788217030096,"acceleration":3.0,"curvature":0,"holonomicRotation":0.0,"angularVelocity":0.0,"holonomicAngularVelocity":0.0},{"time":0.49301821662084633,"pose":{"rotation":{"radians":3.141592653589793},"translation":{"x":6.5053995571200005,"y":6.72}},"velocity":1.479054649862539,"acceleration":3.0000000000000133,"curvature":0,"holonomicRotation":0.0,"angularVelocity":0.0,"holonomicAngularVelocity":0.0},{"time":0.5052260220271056,"pose":{"rotation":{"radians":3.141592653589793},"translation":{"x":6.48712,"y":6.72}},"velocity":1.515678066081317,"acceleration":3.0,"curvature":0,"holonomicRotation":0.0,"angularVelocity":0.0,"holonomicAngularVelocity":0.0},{"time":0.517292235343492,"pose":{"rotation":{"radians":3.141592653589793},"translation":{"x":6.46861311488,"y":6.72}},"velocity":1.551876706030476,"acceleration":2.9999999999999907,"curvature":0,"holonomicRotation":0.0,"angularVelocity":0.0,"holonomicAngularVelocity":0.0},{"time":0.5292251096083785,"pose":{"rotation":{"radians":3.141592653589793},"translation":{"x":6.44988117504,"y":6.72}},"velocity":1.5876753288251353,"acceleration":2.9999999999999813,"curvature":0,"holonomicRotation":0.0,"angularVelocity":0.0,"holonomicAngularVelocity":0.0},{"time":0.5410320669732375,"pose":{"rotation":{"radians":3.141592653589793},"translation":{"x":6.43092645376,"y":6.72}},"velocity":1.6230962009197119,"acceleration":2.9999999999999813,"curvature":0,"holonomicRotation":0.0,"angularVelocity":0.0,"holonomicAngularVelocity":0.0},{"time":0.5527198058570609,"pose":{"rotation":{"radians":3.141592653589793},"translation":{"x":6.41175122432,"y":6.72}},"velocity":1.658159417571182,"acceleration":2.999999999999981,"curvature":0,"holonomicRotation":0.0,"angularVelocity":0.0,"holonomicAngularVelocity":0.0},{"time":0.5642943912533605,"pose":{"rotation":{"radians":3.141592653589793},"translation":{"x":6.3923577599999994,"y":6.72}},"velocity":1.6928831737600805,"acceleration":2.9999999999999902,"curvature":0,"holonomicRotation":0.0,"angularVelocity":0.0,"holonomicAngularVelocity":0.0},{"time":0.5757613312939084,"pose":{"rotation":{"radians":3.141592653589793},"translation":{"x":6.37274833408,"y":6.72}},"velocity":1.7272839938817244,"acceleration":3.0000000000000098,"curvature":0,"holonomicRotation":0.0,"angularVelocity":0.0,"holonomicAngularVelocity":0.0},{"time":0.5871256425218262,"pose":{"rotation":{"radians":3.141592653589793},"translation":{"x":6.3529252198399995,"y":6.72}},"velocity":1.7613769275654778,"acceleration":3.0,"curvature":0,"holonomicRotation":0.0,"angularVelocity":0.0,"holonomicAngularVelocity":0.0},{"time":0.5983919058276107,"pose":{"rotation":{"radians":3.141592653589793},"translation":{"x":6.33289069056,"y":6.72}},"velocity":1.7951757174828313,"acceleration":3.0,"curvature":0,"holonomicRotation":0.0,"angularVelocity":0.0,"holonomicAngularVelocity":0.0},{"time":0.6095643146160491,"pose":{"rotation":{"radians":3.141592653589793},"translation":{"x":6.31264701952,"y":6.72}},"velocity":1.8286929438481463,"acceleration":2.99999999999998,"curvature":0,"holonomicRotation":0.0,"angularVelocity":0.0,"holonomicAngularVelocity":0.0},{"time":0.6206467164713487,"pose":{"rotation":{"radians":3.141592653589793},"translation":{"x":6.29219648,"y":6.72}},"velocity":1.8619401494140453,"acceleration":3.00000000000001,"curvature":0,"holonomicRotation":0.0,"angularVelocity":0.0,"holonomicAngularVelocity":0.0},{"time":0.6316426493516727,"pose":{"rotation":{"radians":3.141592653589793},"translation":{"x":6.27154134528,"y":6.72}},"velocity":1.8949279480550172,"acceleration":3.0,"curvature":0,"holonomicRotation":0.0,"angularVelocity":0.0,"holonomicAngularVelocity":0.0},{"time":0.6425553731573127,"pose":{"rotation":{"radians":3.141592653589793},"translation":{"x":6.25068388864,"y":6.72}},"velocity":1.9276661194719373,"acceleration":3.00000000000001,"curvature":0,"holonomicRotation":0.0,"angularVelocity":0.0,"holonomicAngularVelocity":0.0},{"time":0.6533878973677637,"pose":{"rotation":{"radians":3.141592653589793},"translation":{"x":6.229626383359999,"y":6.72}},"velocity":1.9601636921032903,"acceleration":3.0,"curvature":0,"holonomicRotation":0.0,"angularVelocity":0.0,"holonomicAngularVelocity":0.0},{"time":0.6641430053234019,"pose":{"rotation":{"radians":3.141592653589793},"translation":{"x":6.20837110272,"y":6.72}},"velocity":1.9924290159702047,"acceleration":2.99999999999999,"curvature":0,"holonomicRotation":0.0,"angularVelocity":0.0,"holonomicAngularVelocity":0.0},{"time":0.6748232756309862,"pose":{"rotation":{"radians":3.141592653589793},"translation":{"x":6.18692032,"y":6.72}},"velocity":2.0244698268929575,"acceleration":2.999999999999979,"curvature":0,"holonomicRotation":0.0,"angularVelocity":0.0,"holonomicAngularVelocity":0.0},{"time":0.6854311010938061,"pose":{"rotation":{"radians":3.141592653589793},"translation":{"x":6.165276308479999,"y":6.72}},"velocity":2.0562933032814175,"acceleration":3.000000000000021,"curvature":0,"holonomicRotation":0.0,"angularVelocity":0.0,"holonomicAngularVelocity":0.0},{"time":0.6959687055033444,"pose":{"rotation":{"radians":3.141592653589793},"translation":{"x":6.143441341439999,"y":6.72}},"velocity":2.087906116510032,"acceleration":2.9999999999999685,"curvature":0,"holonomicRotation":0.0,"angularVelocity":0.0,"holonomicAngularVelocity":0.0},{"time":0.7064381585767674,"pose":{"rotation":{"radians":3.141592653589793},"translation":{"x":6.12141769216,"y":6.72}},"velocity":2.119314475730301,"acceleration":3.0000000000000107,"curvature":0,"holonomicRotation":0.0,"angularVelocity":0.0,"holonomicAngularVelocity":0.0},{"time":0.7168413892812466,"pose":{"rotation":{"radians":3.141592653589793},"translation":{"x":6.099207633919999,"y":6.72}},"velocity":2.150524167843739,"acceleration":3.0,"curvature":0,"holonomicRotation":0.0,"angularVelocity":0.0,"holonomicAngularVelocity":0.0},{"time":0.7271801977501867,"pose":{"rotation":{"radians":3.141592653589793},"translation":{"x":6.07681344,"y":6.72}},"velocity":2.181540593250559,"acceleration":2.9999999999999893,"curvature":0,"holonomicRotation":0.0,"angularVelocity":0.0,"holonomicAngularVelocity":0.0},{"time":0.7374562659665549,"pose":{"rotation":{"radians":3.141592653589793},"translation":{"x":6.054237383679999,"y":6.72}},"velocity":2.2123687978996633,"acceleration":2.9999999999999893,"curvature":0,"holonomicRotation":0.0,"angularVelocity":0.0,"holonomicAngularVelocity":0.0},{"time":0.7476711673634792,"pose":{"rotation":{"radians":3.141592653589793},"translation":{"x":6.031481738239999,"y":6.72}},"velocity":2.2430135020904363,"acceleration":3.0000000000000107,"curvature":0,"holonomicRotation":0.0,"angularVelocity":0.0,"holonomicAngularVelocity":0.0},{"time":0.7578263754713221,"pose":{"rotation":{"radians":3.141592653589793},"translation":{"x":6.008548776959999,"y":6.72}},"velocity":2.273479126413965,"acceleration":2.999999999999989,"curvature":0,"holonomicRotation":0.0,"angularVelocity":0.0,"holonomicAngularVelocity":0.0},{"time":0.767923271722725,"pose":{"rotation":{"radians":3.141592653589793},"translation":{"x":5.98544077312,"y":6.72}},"velocity":2.303769815168174,"acceleration":3.000000000000011,"curvature":0,"holonomicRotation":0.0,"angularVelocity":0.0,"holonomicAngularVelocity":0.0},{"time":0.7779631525121662,"pose":{"rotation":{"radians":3.141592653589793},"translation":{"x":5.962159999999999,"y":6.72}},"velocity":2.3338894575364972,"acceleration":2.999999999999989,"curvature":0,"holonomicRotation":0.0,"angularVelocity":0.0,"holonomicAngularVelocity":0.0},{"time":0.7879472355938569,"pose":{"rotation":{"radians":3.141592653589793},"translation":{"x":5.938708730879999,"y":6.72}},"velocity":2.3638417067815696,"acceleration":3.000000000000011,"curvature":0,"holonomicRotation":0.0,"angularVelocity":0.0,"holonomicAngularVelocity":0.0},{"time":0.7978766658909975,"pose":{"rotation":{"radians":3.141592653589793},"translation":{"x":5.915089239039999,"y":6.72}},"velocity":2.393629997672991,"acceleration":2.999999999999989,"curvature":0,"holonomicRotation":0.0,"angularVelocity":0.0,"holonomicAngularVelocity":0.0},{"time":0.8077525207801384,"pose":{"rotation":{"radians":3.141592653589793},"translation":{"x":5.891303797759999,"y":6.72}},"velocity":2.423257562340414,"acceleration":3.0,"curvature":0,"holonomicRotation":0.0,"angularVelocity":0.0,"holonomicAngularVelocity":0.0},{"time":0.8175758149064842,"pose":{"rotation":{"radians":3.141592653589793},"translation":{"x":5.867354680319998,"y":6.72}},"velocity":2.4527274447194514,"acceleration":3.0,"curvature":0,"holonomicRotation":0.0,"angularVelocity":0.0,"holonomicAngularVelocity":0.0},{"time":0.8273475045791426,"pose":{"rotation":{"radians":3.141592653589793},"translation":{"x":5.843244159999999,"y":6.72}},"velocity":2.4820425137374262,"acceleration":2.999999999999966,"curvature":0,"holonomicRotation":0.0,"angularVelocity":0.0,"holonomicAngularVelocity":0.0},{"time":0.8370684917894519,"pose":{"rotation":{"radians":3.141592653589793},"translation":{"x":5.818974510079999,"y":6.72}},"velocity":2.511205475368354,"acceleration":3.0,"curvature":0,"holonomicRotation":0.0,"angularVelocity":0.0,"holonomicAngularVelocity":0.0},{"time":0.8467396278904166,"pose":{"rotation":{"radians":3.141592653589793},"translation":{"x":5.794548003839999,"y":6.72}},"velocity":2.540218883671248,"acceleration":3.0,"curvature":0,"holonomicRotation":0.0,"angularVelocity":0.0,"holonomicAngularVelocity":0.0},{"time":0.8563617169708921,"pose":{"rotation":{"radians":3.141592653589793},"translation":{"x":5.769966914559999,"y":6.72}},"velocity":2.5690851509126746,"acceleration":2.9999999999999885,"curvature":0,"holonomicRotation":0.0,"angularVelocity":0.0,"holonomicAngularVelocity":0.0},{"time":0.8659355189543088,"pose":{"rotation":{"radians":3.141592653589793},"translation":{"x":5.745233515519999,"y":6.72}},"velocity":2.5978065568629245,"acceleration":3.0,"curvature":0,"holonomicRotation":0.0,"angularVelocity":0.0,"holonomicAngularVelocity":0.0},{"time":0.8754617524483872,"pose":{"rotation":{"radians":3.141592653589793},"translation":{"x":5.720350079999999,"y":6.72}},"velocity":2.62638525734516,"acceleration":3.0,"curvature":0,"holonomicRotation":0.0,"angularVelocity":0.0,"holonomicAngularVelocity":0.0},{"time":0.8849410973693868,"pose":{"rotation":{"radians":3.141592653589793},"translation":{"x":5.6953188812799995,"y":6.72}},"velocity":2.6548232921081585,"acceleration":3.0,"curvature":0,"holonomicRotation":0.0,"angularVelocity":0.0,"holonomicAngularVelocity":0.0},{"time":0.8943741973618584,"pose":{"rotation":{"radians":3.141592653589793},"translation":{"x":5.670142192639998,"y":6.72}},"velocity":2.6831225920855735,"acceleration":3.0,"curvature":0,"holonomicRotation":0.0,"angularVelocity":0.0,"holonomicAngularVelocity":0.0},{"time":0.9037616620326407,"pose":{"rotation":{"radians":3.141592653589793},"translation":{"x":5.644822287359999,"y":6.72}},"velocity":2.7112849860979207,"acceleration":3.0000000000000235,"curvature":0,"holonomicRotation":0.0,"angularVelocity":0.0,"holonomicAngularVelocity":0.0},{"time":0.9131040690158676,"pose":{"rotation":{"radians":3.141592653589793},"translation":{"x":5.6193614387199995,"y":6.72}},"velocity":2.7393122070476013,"acceleration":3.0,"curvature":0,"holonomicRotation":0.0,"angularVelocity":0.0,"holonomicAngularVelocity":0.0},{"time":0.9224019658840001,"pose":{"rotation":{"radians":3.141592653589793},"translation":{"x":5.593761919999999,"y":6.72}},"velocity":2.767205897651999,"acceleration":3.000000000000024,"curvature":0,"holonomicRotation":0.0,"angularVelocity":0.0,"holonomicAngularVelocity":0.0},{"time":0.9316558719183823,"pose":{"rotation":{"radians":3.141592653589793},"translation":{"x":5.568026004479999,"y":6.72}},"velocity":2.7949676157551457,"acceleration":3.000000000000024,"curvature":0,"holonomicRotation":0.0,"angularVelocity":0.0,"holonomicAngularVelocity":0.0},{"time":0.9408662797514503,"pose":{"rotation":{"radians":3.141592653589793},"translation":{"x":5.542155965439999,"y":6.72}},"velocity":2.8225988392543497,"acceleration":2.999999999999988,"curvature":0,"holonomicRotation":0.0,"angularVelocity":0.0,"holonomicAngularVelocity":0.0},{"time":0.9500336568915168,"pose":{"rotation":{"radians":3.141592653589793},"translation":{"x":5.5161540761599985,"y":6.72}},"velocity":2.850100970674549,"acceleration":3.0,"curvature":0,"holonomicRotation":0.0,"angularVelocity":0.0,"holonomicAngularVelocity":0.0},{"time":0.959158447139992,"pose":{"rotation":{"radians":3.141592653589793},"translation":{"x":5.49002260992,"y":6.72}},"velocity":2.8774753414199745,"acceleration":2.9999999999999756,"curvature":0,"holonomicRotation":0.0,"angularVelocity":0.0,"holonomicAngularVelocity":0.0},{"time":0.968241071909953,"pose":{"rotation":{"radians":3.141592653589793},"translation":{"x":5.463763839999999,"y":6.72}},"velocity":2.9047232157298577,"acceleration":3.0000000000000124,"curvature":0,"holonomicRotation":0.0,"angularVelocity":0.0,"holonomicAngularVelocity":0.0},{"time":0.977281931454106,"pose":{"rotation":{"radians":3.141592653589793},"translation":{"x":5.437380039679999,"y":6.72}},"velocity":2.931845794362317,"acceleration":3.0000000000000124,"curvature":0,"holonomicRotation":0.0,"angularVelocity":0.0,"holonomicAngularVelocity":0.0},{"time":0.9862814060094621,"pose":{"rotation":{"radians":3.141592653589793},"translation":{"x":5.410873482239999,"y":6.72}},"velocity":2.958844218028385,"acceleration":3.0,"curvature":0,"holonomicRotation":0.0,"angularVelocity":0.0,"holonomicAngularVelocity":0.0},{"time":0.995239856865336,"pose":{"rotation":{"radians":3.141592653589793},"translation":{"x":5.384246440959999,"y":6.72}},"velocity":2.9857195705960065,"acceleration":2.9999999999999627,"curvature":0,"holonomicRotation":0.0,"angularVelocity":0.0,"holonomicAngularVelocity":0.0},{"time":1.004157627360699,"pose":{"rotation":{"radians":3.141592653589793},"translation":{"x":5.357501189119999,"y":6.72}},"velocity":3.012472882082095,"acceleration":3.0,"curvature":0,"holonomicRotation":0.0,"angularVelocity":0.0,"holonomicAngularVelocity":0.0},{"time":1.0130350438163536,"pose":{"rotation":{"radians":3.141592653589793},"translation":{"x":5.330639999999999,"y":6.72}},"velocity":3.0391051314490594,"acceleration":3.000000000000025,"curvature":0,"holonomicRotation":0.0,"angularVelocity":0.0,"holonomicAngularVelocity":0.0},{"time":1.0218724164069282,"pose":{"rotation":{"radians":3.141592653589793},"translation":{"x":5.303665146879999,"y":6.72}},"velocity":3.0656172492207836,"acceleration":3.00000000000005,"curvature":0,"holonomicRotation":0.0,"angularVelocity":0.0,"holonomicAngularVelocity":0.0},{"time":1.0306700399772317,"pose":{"rotation":{"radians":3.141592653589793},"translation":{"x":5.276578903039998,"y":6.72}},"velocity":3.0920101199316945,"acceleration":3.0000000000000253,"curvature":0,"holonomicRotation":0.0,"angularVelocity":0.0,"holonomicAngularVelocity":0.0},{"time":1.0394281948071264,"pose":{"rotation":{"radians":3.141592653589793},"translation":{"x":5.2493835417599986,"y":6.72}},"velocity":3.1182845844213785,"acceleration":2.9999999999999747,"curvature":0,"holonomicRotation":0.0,"angularVelocity":0.0,"holonomicAngularVelocity":0.0},{"time":1.0481471473287207,"pose":{"rotation":{"radians":3.141592653589793},"translation":{"x":5.222081336319999,"y":6.72}},"velocity":3.144441441986161,"acceleration":2.9999999999999747,"curvature":0,"holonomicRotation":0.0,"angularVelocity":0.0,"holonomicAngularVelocity":0.0},{"time":1.0568271507993483,"pose":{"rotation":{"radians":3.141592653589793},"translation":{"x":5.194674559999998,"y":6.72}},"velocity":3.170481452398044,"acceleration":3.0000000000000258,"curvature":0,"holonomicRotation":0.0,"angularVelocity":0.0,"holonomicAngularVelocity":0.0},{"time":1.0654684459335253,"pose":{"rotation":{"radians":3.141592653589793},"translation":{"x":5.167165486079999,"y":6.72}},"velocity":3.1964053378005746,"acceleration":2.9999999999999485,"curvature":0,"holonomicRotation":0.0,"angularVelocity":0.0,"holonomicAngularVelocity":0.0},{"time":1.0740712614968038,"pose":{"rotation":{"radians":3.141592653589793},"translation":{"x":5.139556387839998,"y":6.72}},"velocity":3.2222137844904104,"acceleration":3.0000000000000515,"curvature":0,"holonomicRotation":0.0,"angularVelocity":0.0,"holonomicAngularVelocity":0.0},{"time":1.0826358148641995,"pose":{"rotation":{"radians":3.141592653589793},"translation":{"x":5.111849538559998,"y":6.72}},"velocity":3.2479074445925975,"acceleration":3.0,"curvature":0,"holonomicRotation":0.0,"angularVelocity":0.0,"holonomicAngularVelocity":0.0},{"time":1.0911623125456644,"pose":{"rotation":{"radians":3.141592653589793},"translation":{"x":5.084047211519998,"y":6.72}},"velocity":3.2734869376369926,"acceleration":3.000000000000026,"curvature":0,"holonomicRotation":0.0,"angularVelocity":0.0,"holonomicAngularVelocity":0.0},{"time":1.0996509506808674,"pose":{"rotation":{"radians":3.141592653589793},"translation":{"x":5.056151679999998,"y":6.72}},"velocity":3.2989528520426012,"acceleration":2.999999999999974,"curvature":0,"holonomicRotation":0.0,"angularVelocity":0.0,"holonomicAngularVelocity":0.0},{"time":1.1081019155053693,"pose":{"rotation":{"radians":3.141592653589793},"translation":{"x":5.028165217279999,"y":6.72}},"velocity":3.3243057465161066,"acceleration":2.9999999999999476,"curvature":0,"holonomicRotation":0.0,"angularVelocity":0.0,"holonomicAngularVelocity":0.0},{"time":1.1165153837901214,"pose":{"rotation":{"radians":3.141592653589793},"translation":{"x":5.000090096639998,"y":6.72}},"velocity":3.349546151370363,"acceleration":3.000000000000026,"curvature":0,"holonomicRotation":0.0,"angularVelocity":0.0,"holonomicAngularVelocity":0.0},{"time":1.1248915232560583,"pose":{"rotation":{"radians":3.141592653589793},"translation":{"x":4.971928591359998,"y":6.72}},"velocity":3.374674569768174,"acceleration":3.0000000000000266,"curvature":0,"holonomicRotation":0.0,"angularVelocity":0.0,"holonomicAngularVelocity":0.0},{"time":1.1332304929654287,"pose":{"rotation":{"radians":3.141592653589793},"translation":{"x":4.943682974719999,"y":6.72}},"velocity":3.399691478896285,"acceleration":3.0,"curvature":0,"holonomicRotation":0.0,"angularVelocity":0.0,"holonomicAngularVelocity":0.0},{"time":1.141532443691375,"pose":{"rotation":{"radians":3.141592653589793},"translation":{"x":4.9153555199999985,"y":6.72}},"velocity":3.4245973310741236,"acceleration":2.9999999999999467,"curvature":0,"holonomicRotation":0.0,"angularVelocity":0.0,"holonomicAngularVelocity":0.0},{"time":1.1497975182671667,"pose":{"rotation":{"radians":3.141592653589793},"translation":{"x":4.886948500479998,"y":6.72}},"velocity":3.449392554801499,"acceleration":3.0000000000000266,"curvature":0,"holonomicRotation":0.0,"angularVelocity":0.0,"holonomicAngularVelocity":0.0},{"time":1.1580258519163849,"pose":{"rotation":{"radians":3.141592653589793},"translation":{"x":4.8584641894399985,"y":6.72}},"velocity":3.4740775557491532,"acceleration":2.999999999999973,"curvature":0,"holonomicRotation":0.0,"angularVelocity":0.0,"holonomicAngularVelocity":0.0},{"time":1.1662175725652577,"pose":{"rotation":{"radians":3.141592653589793},"translation":{"x":4.829904860159998,"y":6.72}},"velocity":3.498652717695772,"acceleration":3.000000000000027,"curvature":0,"holonomicRotation":0.0,"angularVelocity":0.0,"holonomicAngularVelocity":0.0},{"time":1.1743728011382655,"pose":{"rotation":{"radians":3.141592653589793},"translation":{"x":4.8012727859199975,"y":6.72}},"velocity":3.523118403414795,"acceleration":2.999999999999973,"curvature":0,"holonomicRotation":0.0,"angularVelocity":0.0,"holonomicAngularVelocity":0.0},{"time":1.1824916518380453,"pose":{"rotation":{"radians":3.141592653589793},"translation":{"x":4.7725702399999985,"y":6.72}},"velocity":3.5474749555141343,"acceleration":2.9999999999999725,"curvature":0,"holonomicRotation":0.0,"angularVelocity":0.0,"holonomicAngularVelocity":0.0},{"time":1.1905742324105637,"pose":{"rotation":{"radians":3.141592653589793},"translation":{"x":4.743799495679998,"y":6.72}},"velocity":3.5717226972316896,"acceleration":3.0,"curvature":0,"holonomicRotation":0.0,"angularVelocity":0.0,"holonomicAngularVelocity":0.0},{"time":1.1986206443964396,"pose":{"rotation":{"radians":3.141592653589793},"translation":{"x":4.714962826239998,"y":6.72}},"velocity":3.595861933189317,"acceleration":3.0,"curvature":0,"holonomicRotation":0.0,"angularVelocity":0.0,"holonomicAngularVelocity":0.0},{"time":1.2066309833692608,"pose":{"rotation":{"radians":3.141592653589793},"translation":{"x":4.686062504959998,"y":6.72}},"velocity":3.619892950107781,"acceleration":3.0000000000000275,"curvature":0,"holonomicRotation":0.0,"angularVelocity":0.0,"holonomicAngularVelocity":0.0},{"time":1.2146053391616565,"pose":{"rotation":{"radians":3.141592653589793},"translation":{"x":4.657100805119998,"y":6.72}},"velocity":3.6438160174849683,"acceleration":3.000000000000028,"curvature":0,"holonomicRotation":0.0,"angularVelocity":0.0,"holonomicAngularVelocity":0.0},{"time":1.2225437960798524,"pose":{"rotation":{"radians":3.141592653589793},"translation":{"x":4.628079999999998,"y":6.72}},"velocity":3.667631388239556,"acceleration":3.0,"curvature":0,"holonomicRotation":0.0,"angularVelocity":0.0,"holonomicAngularVelocity":0.0},{"time":1.2304464331073781,"pose":{"rotation":{"radians":3.141592653589793},"translation":{"x":4.599002362879998,"y":6.72}},"velocity":3.691339299322133,"acceleration":2.999999999999972,"curvature":0,"holonomicRotation":0.0,"angularVelocity":0.0,"holonomicAngularVelocity":0.0},{"time":1.2383133240985509,"pose":{"rotation":{"radians":3.141592653589793},"translation":{"x":4.569870167039998,"y":6.72}},"velocity":3.7149399722956513,"acceleration":3.0,"curvature":0,"holonomicRotation":0.0,"angularVelocity":0.0,"holonomicAngularVelocity":0.0},{"time":1.2461445379623248,"pose":{"rotation":{"radians":3.141592653589793},"translation":{"x":4.540685685759998,"y":6.72}},"velocity":3.738433613886973,"acceleration":2.9999999999999716,"curvature":0,"holonomicRotation":0.0,"angularVelocity":0.0,"holonomicAngularVelocity":0.0},{"time":1.253940138837046,"pose":{"rotation":{"radians":3.141592653589793},"translation":{"x":4.511451192319997,"y":6.72}},"velocity":3.761820416511136,"acceleration":2.9999999999999716,"curvature":0,"holonomicRotation":0.0,"angularVelocity":0.0,"holonomicAngularVelocity":0.0},{"time":1.2617001862566255,"pose":{"rotation":{"radians":3.141592653589793},"translation":{"x":4.482168959999997,"y":6.72}},"velocity":3.7851005587698743,"acceleration":2.9999999999999427,"curvature":0,"holonomicRotation":0.0,"angularVelocity":0.0,"holonomicAngularVelocity":0.0},{"time":1.2694247353086108,"pose":{"rotation":{"radians":3.141592653589793},"translation":{"x":4.452841262079998,"y":6.72}},"velocity":3.80827420592583,"acceleration":3.0,"curvature":0,"holonomicRotation":0.0,"angularVelocity":0.0,"holonomicAngularVelocity":0.0},{"time":1.2771138367845953,"pose":{"rotation":{"radians":3.141592653589793},"translation":{"x":4.423470371839998,"y":6.72}},"velocity":3.8313415103537833,"acceleration":2.9999999999999423,"curvature":0,"holonomicRotation":0.0,"angularVelocity":0.0,"holonomicAngularVelocity":0.0},{"time":1.2847675373233882,"pose":{"rotation":{"radians":3.141592653589793},"translation":{"x":4.394058562559997,"y":6.72}},"velocity":3.854302611970162,"acceleration":3.000000000000029,"curvature":0,"holonomicRotation":0.0,"angularVelocity":0.0,"holonomicAngularVelocity":0.0},{"time":1.2923858795473342,"pose":{"rotation":{"radians":3.141592653589793},"translation":{"x":4.364608107519998,"y":6.72}},"velocity":3.877157638642,"acceleration":3.0,"curvature":0,"holonomicRotation":0.0,"angularVelocity":0.0,"holonomicAngularVelocity":0.0},{"time":1.2999689021921523,"pose":{"rotation":{"radians":3.141592653589793},"translation":{"x":4.335121279999998,"y":6.72}},"velocity":3.8999067065764543,"acceleration":2.9999999999999707,"curvature":0,"holonomicRotation":0.0,"angularVelocity":0.0,"holonomicAngularVelocity":0.0},{"time":1.3075166402306335,"pose":{"rotation":{"radians":3.141592653589793},"translation":{"x":4.305600353279997,"y":6.72}},"velocity":3.922549920691898,"acceleration":3.0,"curvature":0,"holonomicRotation":0.0,"angularVelocity":0.0,"holonomicAngularVelocity":0.0},{"time":1.3150291249905217,"pose":{"rotation":{"radians":3.141592653589793},"translation":{"x":4.2760476006399974,"y":6.72}},"velocity":3.9450873749715627,"acceleration":3.0000000000000298,"curvature":0,"holonomicRotation":0.0,"angularVelocity":0.0,"holonomicAngularVelocity":0.0},{"time":1.3225063842668854,"pose":{"rotation":{"radians":3.141592653589793},"translation":{"x":4.2464652953599975,"y":6.72}},"velocity":3.9675191528006537,"acceleration":3.0,"curvature":0,"holonomicRotation":0.0,"angularVelocity":0.0,"holonomicAngularVelocity":0.0},{"time":1.329948442429256,"pose":{"rotation":{"radians":3.141592653589793},"translation":{"x":4.216855710719997,"y":6.72}},"velocity":3.9898453272877656,"acceleration":3.0,"curvature":0,"holonomicRotation":0.0,"angularVelocity":0.0,"holonomicAngularVelocity":0.0},{"time":1.337366506110361,"pose":{"rotation":{"radians":3.141592653589793},"translation":{"x":4.187221119999998,"y":6.72}},"velocity":4.0,"acceleration":1.3689115042379547,"curvature":0,"holonomicRotation":0.0,"angularVelocity":0.0,"holonomicAngularVelocity":0.0},{"time":1.3447808369903609,"pose":{"rotation":{"radians":3.141592653589793},"translation":{"x":4.157563796479998,"y":6.72}},"velocity":4.0,"acceleration":0.0,"curvature":0,"holonomicRotation":0.0,"angularVelocity":0.0,"holonomicAngularVelocity":0.0},{"time":1.352200282750361,"pose":{"rotation":{"radians":3.141592653589793},"translation":{"x":4.127886013439998,"y":6.72}},"velocity":4.0,"acceleration":0.0,"curvature":0,"holonomicRotation":0.0,"angularVelocity":0.0,"holonomicAngularVelocity":0.0},{"time":1.359624275070361,"pose":{"rotation":{"radians":3.141592653589793},"translation":{"x":4.098190044159997,"y":6.72}},"velocity":4.0,"acceleration":0.0,"curvature":0,"holonomicRotation":0.0,"angularVelocity":0.0,"holonomicAngularVelocity":0.0},{"time":1.367052245630361,"pose":{"rotation":{"radians":3.141592653589793},"translation":{"x":4.068478161919997,"y":6.72}},"velocity":4.0,"acceleration":0.0,"curvature":0,"holonomicRotation":0.0,"angularVelocity":0.0,"holonomicAngularVelocity":0.0},{"time":1.374483626110361,"pose":{"rotation":{"radians":3.141592653589793},"translation":{"x":4.038752639999998,"y":6.72}},"velocity":4.0,"acceleration":0.0,"curvature":0,"holonomicRotation":0.0,"angularVelocity":0.0,"holonomicAngularVelocity":0.0},{"time":1.3819178481903611,"pose":{"rotation":{"radians":3.141592653589793},"translation":{"x":4.009015751679997,"y":6.72}},"velocity":4.0,"acceleration":0.0,"curvature":0,"holonomicRotation":0.0,"angularVelocity":0.0,"holonomicAngularVelocity":0.0},{"time":1.389354343550361,"pose":{"rotation":{"radians":3.141592653589793},"translation":{"x":3.979269770239997,"y":6.72}},"velocity":4.0,"acceleration":0.0,"curvature":0,"holonomicRotation":0.0,"angularVelocity":0.0,"holonomicAngularVelocity":0.0},{"time":1.396792543870361,"pose":{"rotation":{"radians":3.141592653589793},"translation":{"x":3.949516968959997,"y":6.72}},"velocity":4.0,"acceleration":0.0,"curvature":0,"holonomicRotation":0.0,"angularVelocity":0.0,"holonomicAngularVelocity":0.0},{"time":1.4042318808303609,"pose":{"rotation":{"radians":3.141592653589793},"translation":{"x":3.919759621119997,"y":6.72}},"velocity":4.0,"acceleration":0.0,"curvature":0,"holonomicRotation":0.0,"angularVelocity":0.0,"holonomicAngularVelocity":0.0},{"time":1.4116717861103607,"pose":{"rotation":{"radians":3.141592653589793},"translation":{"x":3.889999999999998,"y":6.72}},"velocity":4.0,"acceleration":0.0,"curvature":0,"holonomicRotation":0.0,"angularVelocity":0.0,"holonomicAngularVelocity":0.0},{"time":1.4191116913903608,"pose":{"rotation":{"radians":3.141592653589793},"translation":{"x":3.8602403788799977,"y":6.72}},"velocity":4.0,"acceleration":0.0,"curvature":0,"holonomicRotation":0.0,"angularVelocity":0.0,"holonomicAngularVelocity":0.0},{"time":1.4265510283503606,"pose":{"rotation":{"radians":3.141592653589793},"translation":{"x":3.8304830310399978,"y":6.72}},"velocity":4.0,"acceleration":0.0,"curvature":0,"holonomicRotation":0.0,"angularVelocity":0.0,"holonomicAngularVelocity":0.0},{"time":1.4339892286703608,"pose":{"rotation":{"radians":3.141592653589793},"translation":{"x":3.8007302297599974,"y":6.72}},"velocity":4.0,"acceleration":0.0,"curvature":0,"holonomicRotation":0.0,"angularVelocity":0.0,"holonomicAngularVelocity":0.0},{"time":1.4414257240303607,"pose":{"rotation":{"radians":3.141592653589793},"translation":{"x":3.770984248319998,"y":6.72}},"velocity":4.0,"acceleration":0.0,"curvature":0,"holonomicRotation":0.0,"angularVelocity":0.0,"holonomicAngularVelocity":0.0},{"time":1.4488599461103608,"pose":{"rotation":{"radians":3.141592653589793},"translation":{"x":3.7412473599999974,"y":6.72}},"velocity":4.0,"acceleration":0.0,"curvature":0,"holonomicRotation":0.0,"angularVelocity":0.0,"holonomicAngularVelocity":0.0},{"time":1.4562913265903608,"pose":{"rotation":{"radians":3.141592653589793},"translation":{"x":3.7115218380799977,"y":6.72}},"velocity":4.0,"acceleration":0.0,"curvature":0,"holonomicRotation":0.0,"angularVelocity":0.0,"holonomicAngularVelocity":0.0},{"time":1.463719297150361,"pose":{"rotation":{"radians":3.141592653589793},"translation":{"x":3.6818099558399973,"y":6.72}},"velocity":4.0,"acceleration":0.0,"curvature":0,"holonomicRotation":0.0,"angularVelocity":0.0,"holonomicAngularVelocity":0.0},{"time":1.4711432894703609,"pose":{"rotation":{"radians":3.141592653589793},"translation":{"x":3.6521139865599976,"y":6.72}},"velocity":4.0,"acceleration":0.0,"curvature":0,"holonomicRotation":0.0,"angularVelocity":0.0,"holonomicAngularVelocity":0.0},{"time":1.478562735230361,"pose":{"rotation":{"radians":3.141592653589793},"translation":{"x":3.6224362035199973,"y":6.72}},"velocity":4.0,"acceleration":0.0,"curvature":0,"holonomicRotation":0.0,"angularVelocity":0.0,"holonomicAngularVelocity":0.0},{"time":1.4859770661103608,"pose":{"rotation":{"radians":3.141592653589793},"translation":{"x":3.5927788799999973,"y":6.72}},"velocity":4.0,"acceleration":0.0,"curvature":0,"holonomicRotation":0.0,"angularVelocity":0.0,"holonomicAngularVelocity":0.0},{"time":1.4934036253460659,"pose":{"rotation":{"radians":3.141592653589793},"translation":{"x":3.5631442892799976,"y":6.72}},"velocity":3.980705405950055,"acceleration":-2.598052939129826,"curvature":0,"holonomicRotation":0.0,"angularVelocity":0.0,"holonomicAngularVelocity":0.0},{"time":1.5008628673771731,"pose":{"rotation":{"radians":3.141592653589793},"translation":{"x":3.5335347046399974,"y":6.72}},"velocity":3.9583276798567333,"acceleration":-2.9999999999999702,"curvature":0,"holonomicRotation":0.0,"angularVelocity":0.0,"holonomicAngularVelocity":0.0},{"time":1.5083575883662983,"pose":{"rotation":{"radians":3.141592653589793},"translation":{"x":3.503952399359997,"y":6.72}},"velocity":3.9358435168893577,"acceleration":-3.0,"curvature":0,"holonomicRotation":0.0,"angularVelocity":0.0,"holonomicAngularVelocity":0.0},{"time":1.515887818943719,"pose":{"rotation":{"radians":3.141592653589793},"translation":{"x":3.4743996467199976,"y":6.72}},"velocity":3.913252825157096,"acceleration":-2.999999999999941,"curvature":0,"holonomicRotation":0.0,"angularVelocity":0.0,"holonomicAngularVelocity":0.0},{"time":1.5234535933663653,"pose":{"rotation":{"radians":3.141592653589793},"translation":{"x":3.4448787199999975,"y":6.72}},"velocity":3.8905555018891573,"acceleration":-2.9999999999999707,"curvature":0,"holonomicRotation":0.0,"angularVelocity":0.0,"holonomicAngularVelocity":0.0},{"time":1.5310549496331716,"pose":{"rotation":{"radians":3.141592653589793},"translation":{"x":3.415391892479997,"y":6.72}},"velocity":3.8677514330887384,"acceleration":-3.0000000000000293,"curvature":0,"holonomicRotation":0.0,"angularVelocity":0.0,"holonomicAngularVelocity":0.0},{"time":1.538691929606073,"pose":{"rotation":{"radians":3.141592653589793},"translation":{"x":3.385941437439997,"y":6.72}},"velocity":3.8448404931700337,"acceleration":-3.000000000000029,"curvature":0,"holonomicRotation":0.0,"angularVelocity":0.0,"holonomicAngularVelocity":0.0},{"time":1.5463645791369545,"pose":{"rotation":{"radians":3.141592653589793},"translation":{"x":3.3565296281599974,"y":6.72}},"velocity":3.8218225445773895,"acceleration":-3.0,"curvature":0,"holonomicRotation":0.0,"angularVelocity":0.0,"holonomicAngularVelocity":0.0},{"time":1.5540729482008815,"pose":{"rotation":{"radians":3.141592653589793},"translation":{"x":3.327158737919997,"y":6.72}},"velocity":3.798697437385609,"acceleration":-2.9999999999999423,"curvature":0,"holonomicRotation":0.0,"angularVelocity":0.0,"holonomicAngularVelocity":0.0},{"time":1.5618170910359637,"pose":{"rotation":{"radians":3.141592653589793},"translation":{"x":3.297831039999997,"y":6.72}},"velocity":3.775465008880362,"acceleration":-3.0000000000000573,"curvature":0,"holonomicRotation":0.0,"angularVelocity":0.0,"holonomicAngularVelocity":0.0},{"time":1.5695970662902294,"pose":{"rotation":{"radians":3.141592653589793},"translation":{"x":3.2685488076799967,"y":6.72}},"velocity":3.7521250831175643,"acceleration":-3.0000000000000284,"curvature":0,"holonomicRotation":0.0,"angularVelocity":0.0,"holonomicAngularVelocity":0.0},{"time":1.5774129371759051,"pose":{"rotation":{"radians":3.141592653589793},"translation":{"x":3.239314314239997,"y":6.72}},"velocity":3.728677470460537,"acceleration":-3.0000000000000284,"curvature":0,"holonomicRotation":0.0,"angularVelocity":0.0,"holonomicAngularVelocity":0.0},{"time":1.585264771631531,"pose":{"rotation":{"radians":3.141592653589793},"translation":{"x":3.210129832959997,"y":6.72}},"velocity":3.70512196709366,"acceleration":-2.9999999999999716,"curvature":0,"holonomicRotation":0.0,"angularVelocity":0.0,"holonomicAngularVelocity":0.0},{"time":1.5931526424923654,"pose":{"rotation":{"radians":3.141592653589793},"translation":{"x":3.180997637119997,"y":6.72}},"velocity":3.6814583545111565,"acceleration":-2.999999999999972,"curvature":0,"holonomicRotation":0.0,"angularVelocity":0.0,"holonomicAngularVelocity":0.0},{"time":1.6010766276695672,"pose":{"rotation":{"radians":3.141592653589793},"translation":{"x":3.1519199999999974,"y":6.72}},"velocity":3.657686398979551,"acceleration":-3.000000000000028,"curvature":0,"holonomicRotation":0.0,"angularVelocity":0.0,"holonomicAngularVelocity":0.0},{"time":1.6090368103386752,"pose":{"rotation":{"radians":3.141592653589793},"translation":{"x":3.122899194879997,"y":6.72}},"velocity":3.6338058509722275,"acceleration":-2.999999999999944,"curvature":0,"holonomicRotation":0.0,"angularVelocity":0.0,"holonomicAngularVelocity":0.0},{"time":1.6170332791379403,"pose":{"rotation":{"radians":3.141592653589793},"translation":{"x":3.093937495039997,"y":6.72}},"velocity":3.6098164445744323,"acceleration":-3.0,"curvature":0,"holonomicRotation":0.0,"angularVelocity":0.0,"holonomicAngularVelocity":0.0},{"time":1.625066128377112,"pose":{"rotation":{"radians":3.141592653589793},"translation":{"x":3.065037173759997,"y":6.72}},"velocity":3.5857178968569174,"acceleration":-2.9999999999999725,"curvature":0,"holonomicRotation":0.0,"angularVelocity":0.0,"holonomicAngularVelocity":0.0},{"time":1.6331354582573114,"pose":{"rotation":{"radians":3.141592653589793},"translation":{"x":3.036200504319997,"y":6.72}},"velocity":3.5615099072163194,"acceleration":-2.999999999999945,"curvature":0,"holonomicRotation":0.0,"angularVelocity":0.0,"holonomicAngularVelocity":0.0},{"time":1.641241375102681,"pose":{"rotation":{"radians":3.141592653589793},"translation":{"x":3.0074297599999973,"y":6.72}},"velocity":3.5371921566802107,"acceleration":-2.9999999999999725,"curvature":0,"holonomicRotation":0.0,"angularVelocity":0.0,"holonomicAngularVelocity":0.0},{"time":1.649383991604544,"pose":{"rotation":{"radians":3.141592653589793},"translation":{"x":2.978727214079997,"y":6.72}},"velocity":3.512764307174621,"acceleration":-3.0000000000000817,"curvature":0,"holonomicRotation":0.0,"angularVelocity":0.0,"holonomicAngularVelocity":0.0},{"time":1.6575634270788608,"pose":{"rotation":{"radians":3.141592653589793},"translation":{"x":2.950095139839997,"y":6.72}},"velocity":3.4882260007516708,"acceleration":-3.0,"curvature":0,"holonomicRotation":0.0,"angularVelocity":0.0,"holonomicAngularVelocity":0.0},{"time":1.6657798077378332,"pose":{"rotation":{"radians":3.141592653589793},"translation":{"x":2.9215358105599964,"y":6.72}},"velocity":3.4635768587747537,"acceleration":-3.0,"curvature":0,"holonomicRotation":0.0,"angularVelocity":0.0,"holonomicAngularVelocity":0.0},{"time":1.6740332669765636,"pose":{"rotation":{"radians":3.141592653589793},"translation":{"x":2.8930514995199967,"y":6.72}},"velocity":3.4388164810585624,"acceleration":-3.0,"curvature":0,"holonomicRotation":0.0,"angularVelocity":0.0,"holonomicAngularVelocity":0.0},{"time":1.6823239456757548,"pose":{"rotation":{"radians":3.141592653589793},"translation":{"x":2.8646444799999964,"y":6.72}},"velocity":3.413944444960989,"acceleration":-3.0,"curvature":0,"holonomicRotation":0.0,"angularVelocity":0.0,"holonomicAngularVelocity":0.0},{"time":1.6906519925214971,"pose":{"rotation":{"radians":3.141592653589793},"translation":{"x":2.836317025279997,"y":6.72}},"velocity":3.388960304423762,"acceleration":-2.9999999999999734,"curvature":0,"holonomicRotation":0.0,"angularVelocity":0.0,"holonomicAngularVelocity":0.0},{"time":1.699017564343289,"pose":{"rotation":{"radians":3.141592653589793},"translation":{"x":2.808071408639997,"y":6.72}},"velocity":3.3638635889583868,"acceleration":-2.9999999999999734,"curvature":0,"holonomicRotation":0.0,"angularVelocity":0.0,"holonomicAngularVelocity":0.0},{"time":1.7074208264715094,"pose":{"rotation":{"radians":3.141592653589793},"translation":{"x":2.779909903359997,"y":6.72}},"velocity":3.3386538025737256,"acceleration":-3.0,"curvature":0,"holonomicRotation":0.0,"angularVelocity":0.0,"holonomicAngularVelocity":0.0},{"time":1.7158619531156702,"pose":{"rotation":{"radians":3.141592653589793},"translation":{"x":2.751834782719997,"y":6.72}},"velocity":3.313330422641243,"acceleration":-3.0,"curvature":0,"holonomicRotation":0.0,"angularVelocity":0.0,"holonomicAngularVelocity":0.0},{"time":1.7243411277648748,"pose":{"rotation":{"radians":3.141592653589793},"translation":{"x":2.7238483199999965,"y":6.72}},"velocity":3.287892898693629,"acceleration":-3.000000000000026,"curvature":0,"holonomicRotation":0.0,"angularVelocity":0.0,"holonomicAngularVelocity":0.0},{"time":1.732858543612026,"pose":{"rotation":{"radians":3.141592653589793},"translation":{"x":2.695952788479997,"y":6.72}},"velocity":3.262340651152175,"acceleration":-3.000000000000052,"curvature":0,"holonomicRotation":0.0,"angularVelocity":0.0,"holonomicAngularVelocity":0.0},{"time":1.7414144040034596,"pose":{"rotation":{"radians":3.141592653589793},"translation":{"x":2.668150461439997,"y":6.72}},"velocity":3.2366730699778743,"acceleration":-3.0,"curvature":0,"holonomicRotation":0.0,"angularVelocity":0.0,"holonomicAngularVelocity":0.0},{"time":1.7500089229158045,"pose":{"rotation":{"radians":3.141592653589793},"translation":{"x":2.640443612159997,"y":6.72}},"velocity":3.2108895132408395,"acceleration":-3.0000000000000258,"curvature":0,"holonomicRotation":0.0,"angularVelocity":0.0,"holonomicAngularVelocity":0.0},{"time":1.758642325462038,"pose":{"rotation":{"radians":3.141592653589793},"translation":{"x":2.6128345139199967,"y":6.72}},"velocity":3.184989305602139,"acceleration":-2.9999999999999742,"curvature":0,"holonomicRotation":0.0,"angularVelocity":0.0,"holonomicAngularVelocity":0.0},{"time":1.7673148484288594,"pose":{"rotation":{"radians":3.141592653589793},"translation":{"x":2.5853254399999965,"y":6.72}},"velocity":3.1589717367016745,"acceleration":-3.0000000000000258,"curvature":0,"holonomicRotation":0.0,"angularVelocity":0.0,"holonomicAngularVelocity":0.0},{"time":1.7760267408476915,"pose":{"rotation":{"radians":3.141592653589793},"translation":{"x":2.557918663679996,"y":6.72}},"velocity":3.1328360594451783,"acceleration":-3.0,"curvature":0,"holonomicRotation":0.0,"angularVelocity":0.0,"holonomicAngularVelocity":0.0},{"time":1.784778264601821,"pose":{"rotation":{"radians":3.141592653589793},"translation":{"x":2.5306164582399964,"y":6.72}},"velocity":3.106581488182789,"acceleration":-3.0000000000000506,"curvature":0,"holonomicRotation":0.0,"angularVelocity":0.0,"holonomicAngularVelocity":0.0},{"time":1.7935696950724103,"pose":{"rotation":{"radians":3.141592653589793},"translation":{"x":2.503421096959997,"y":6.72}},"velocity":3.0802071967710214,"acceleration":-3.0000000000000253,"curvature":0,"holonomicRotation":0.0,"angularVelocity":0.0,"holonomicAngularVelocity":0.0},{"time":1.8024013218263504,"pose":{"rotation":{"radians":3.141592653589793},"translation":{"x":2.4763348531199965,"y":6.72}},"velocity":3.053712316509201,"acceleration":-3.0,"curvature":0,"holonomicRotation":0.0,"angularVelocity":0.0,"holonomicAngularVelocity":0.0},{"time":1.8112734493492022,"pose":{"rotation":{"radians":3.141592653589793},"translation":{"x":2.4493599999999964,"y":6.72}},"velocity":3.0270959339406462,"acceleration":-2.999999999999925,"curvature":0,"holonomicRotation":0.0,"angularVelocity":0.0,"holonomicAngularVelocity":0.0},{"time":1.8201863978267625,"pose":{"rotation":{"radians":3.141592653589793},"translation":{"x":2.422498810879997,"y":6.72}},"velocity":3.0003570885079656,"acceleration":-2.999999999999975,"curvature":0,"holonomicRotation":0.0,"angularVelocity":0.0,"holonomicAngularVelocity":0.0},{"time":1.829140503979121,"pose":{"rotation":{"radians":3.141592653589793},"translation":{"x":2.3957535590399965,"y":6.72}},"velocity":2.97349477005089,"acceleration":-3.0,"curvature":0,"holonomicRotation":0.0,"angularVelocity":0.0,"holonomicAngularVelocity":0.0},{"time":1.8381361219514367,"pose":{"rotation":{"radians":3.141592653589793},"translation":{"x":2.3691265177599963,"y":6.72}},"velocity":2.9465079161339434,"acceleration":-2.9999999999999507,"curvature":0,"holonomicRotation":0.0,"angularVelocity":0.0,"holonomicAngularVelocity":0.0},{"time":1.8471736242660646,"pose":{"rotation":{"radians":3.141592653589793},"translation":{"x":2.342619960319997,"y":6.72}},"velocity":2.91939540919006,"acceleration":-3.0,"curvature":0,"holonomicRotation":0.0,"angularVelocity":0.0,"holonomicAngularVelocity":0.0},{"time":1.8562534028411128,"pose":{"rotation":{"radians":3.141592653589793},"translation":{"x":2.3162361599999963,"y":6.72}},"velocity":2.8921560734649145,"acceleration":-3.000000000000049,"curvature":0,"holonomicRotation":0.0,"angularVelocity":0.0,"holonomicAngularVelocity":0.0},{"time":1.8653758700809966,"pose":{"rotation":{"radians":3.141592653589793},"translation":{"x":2.2899773900799962,"y":6.72}},"velocity":2.8647886717452633,"acceleration":-3.0,"curvature":0,"holonomicRotation":0.0,"angularVelocity":0.0,"holonomicAngularVelocity":0.0},{"time":1.874541460045121,"pose":{"rotation":{"radians":3.141592653589793},"translation":{"x":2.2638459238399964,"y":6.72}},"velocity":2.83729190185289,"acceleration":-3.0000000000000244,"curvature":0,"holonomicRotation":0.0,"angularVelocity":0.0,"holonomicAngularVelocity":0.0},{"time":1.883750629701431,"pose":{"rotation":{"radians":3.141592653589793},"translation":{"x":2.2378440345599966,"y":6.72}},"velocity":2.80966439288396,"acceleration":-2.9999999999999516,"curvature":0,"holonomicRotation":0.0,"angularVelocity":0.0,"holonomicAngularVelocity":0.0},{"time":1.893003860272257,"pose":{"rotation":{"radians":3.141592653589793},"translation":{"x":2.2119739955199966,"y":6.72}},"velocity":2.781904701171482,"acceleration":-3.000000000000024,"curvature":0,"holonomicRotation":0.0,"angularVelocity":0.0,"holonomicAngularVelocity":0.0},{"time":1.9023016586806543,"pose":{"rotation":{"radians":3.141592653589793},"translation":{"x":2.1862380799999963,"y":6.72}},"velocity":2.7540113059462903,"acceleration":-3.0,"curvature":0,"holonomicRotation":0.0,"angularVelocity":0.0,"holonomicAngularVelocity":0.0},{"time":1.9116445591062952,"pose":{"rotation":{"radians":3.141592653589793},"translation":{"x":2.1606385612799963,"y":6.72}},"velocity":2.725982604669368,"acceleration":-2.9999999999999525,"curvature":0,"holonomicRotation":0.0,"angularVelocity":0.0,"holonomicAngularVelocity":0.0},{"time":1.9210331246609402,"pose":{"rotation":{"radians":3.141592653589793},"translation":{"x":2.1351777126399965,"y":6.72}},"velocity":2.6978169080054326,"acceleration":-3.0000000000000235,"curvature":0,"holonomicRotation":0.0,"angularVelocity":0.0,"holonomicAngularVelocity":0.0},{"time":1.9304679491945997,"pose":{"rotation":{"radians":3.141592653589793},"translation":{"x":2.1098578073599965,"y":6.72}},"velocity":2.669512434404454,"acceleration":-3.0000000000000235,"curvature":0,"holonomicRotation":0.0,"angularVelocity":0.0,"holonomicAngularVelocity":0.0},{"time":1.9399496592447194,"pose":{"rotation":{"radians":3.141592653589793},"translation":{"x":2.0846811187199963,"y":6.72}},"velocity":2.641067304254095,"acceleration":-3.0,"curvature":0,"holonomicRotation":0.0,"angularVelocity":0.0,"holonomicAngularVelocity":0.0},{"time":1.9494789161421056,"pose":{"rotation":{"radians":3.141592653589793},"translation":{"x":2.0596499199999965,"y":6.72}},"velocity":2.6124795335619364,"acceleration":-3.0,"curvature":0,"holonomicRotation":0.0,"angularVelocity":0.0,"holonomicAngularVelocity":0.0},{"time":1.9590564182888661,"pose":{"rotation":{"radians":3.141592653589793},"translation":{"x":2.034766484479996,"y":6.72}},"velocity":2.583747027121655,"acceleration":-2.999999999999977,"curvature":0,"holonomicRotation":0.0,"angularVelocity":0.0,"holonomicAngularVelocity":0.0},{"time":1.9686829036254008,"pose":{"rotation":{"radians":3.141592653589793},"translation":{"x":2.0100330854399964,"y":6.72}},"velocity":2.554867571112051,"acceleration":-2.999999999999977,"curvature":0,"holonomicRotation":0.0,"angularVelocity":0.0,"holonomicAngularVelocity":0.0},{"time":1.9783591523054909,"pose":{"rotation":{"radians":3.141592653589793},"translation":{"x":1.9854519961599966,"y":6.72}},"velocity":2.5258388250717805,"acceleration":-3.0000000000000457,"curvature":0,"holonomicRotation":0.0,"angularVelocity":0.0,"holonomicAngularVelocity":0.0},{"time":1.9880859896008025,"pose":{"rotation":{"radians":3.141592653589793},"translation":{"x":1.9610254899199964,"y":6.72}},"velocity":2.4966583131858453,"acceleration":-3.0000000000000226,"curvature":0,"holonomicRotation":0.0,"angularVelocity":0.0,"holonomicAngularVelocity":0.0},{"time":1.997864289058721,"pose":{"rotation":{"radians":3.141592653589793},"translation":{"x":1.9367558399999965,"y":6.72}},"velocity":2.4673234148120895,"acceleration":-3.0000000000000226,"curvature":0,"holonomicRotation":0.0,"angularVelocity":0.0,"holonomicAngularVelocity":0.0},{"time":2.007694975940398,"pose":{"rotation":{"radians":3.141592653589793},"translation":{"x":1.9126453196799964,"y":6.72}},"velocity":2.4378313541670575,"acceleration":-3.000000000000068,"curvature":0,"holonomicRotation":0.0,"angularVelocity":0.0,"holonomicAngularVelocity":0.0},{"time":2.01757903096928,"pose":{"rotation":{"radians":3.141592653589793},"translation":{"x":1.8886962022399965,"y":6.72}},"velocity":2.408179189080412,"acceleration":-3.0,"curvature":0,"holonomicRotation":0.0,"angularVelocity":0.0,"holonomicAngularVelocity":0.0},{"time":2.027517494424281,"pose":{"rotation":{"radians":3.141592653589793},"translation":{"x":1.8649107609599966,"y":6.72}},"velocity":2.378363798715409,"acceleration":-2.999999999999955,"curvature":0,"holonomicRotation":0.0,"angularVelocity":0.0,"holonomicAngularVelocity":0.0},{"time":2.037511470616244,"pose":{"rotation":{"radians":3.141592653589793},"translation":{"x":1.8412912691199965,"y":6.72}},"velocity":2.3483818701395203,"acceleration":-3.0,"curvature":0,"holonomicRotation":0.0,"angularVelocity":0.0,"holonomicAngularVelocity":0.0},{"time":2.0475621327914886,"pose":{"rotation":{"radians":3.141592653589793},"translation":{"x":1.8178399999999966,"y":6.72}},"velocity":2.3182298836137867,"acceleration":-3.0,"curvature":0,"holonomicRotation":0.0,"angularVelocity":0.0,"holonomicAngularVelocity":0.0},{"time":2.057670728512219,"pose":{"rotation":{"radians":3.141592653589793},"translation":{"x":1.7945592268799966,"y":6.72}},"velocity":2.2879040964515953,"acceleration":-3.000000000000044,"curvature":0,"holonomicRotation":0.0,"angularVelocity":0.0,"holonomicAngularVelocity":0.0},{"time":2.067838585570483,"pose":{"rotation":{"radians":3.141592653589793},"translation":{"x":1.7714512230399966,"y":6.72}},"velocity":2.257400525276804,"acceleration":-2.9999999999999565,"curvature":0,"holonomicRotation":0.0,"angularVelocity":0.0,"holonomicAngularVelocity":0.0},{"time":2.0780671185004187,"pose":{"rotation":{"radians":3.141592653589793},"translation":{"x":1.7485182617599966,"y":6.72}},"velocity":2.2267149264869968,"acceleration":-2.9999999999999565,"curvature":0,"holonomicRotation":0.0,"angularVelocity":0.0,"holonomicAngularVelocity":0.0},{"time":2.0883578357629182,"pose":{"rotation":{"radians":3.141592653589793},"translation":{"x":1.7257626163199966,"y":6.72}},"velocity":2.195842774699498,"acceleration":-3.0,"curvature":0,"holonomicRotation":0.0,"angularVelocity":0.0,"holonomicAngularVelocity":0.0},{"time":2.0987123476878056,"pose":{"rotation":{"radians":3.141592653589793},"translation":{"x":1.7031865599999967,"y":6.72}},"velocity":2.164779238924836,"acceleration":-3.0,"curvature":0,"holonomicRotation":0.0,"angularVelocity":0.0,"holonomicAngularVelocity":0.0},{"time":2.1091323752715287,"pose":{"rotation":{"radians":3.141592653589793},"translation":{"x":1.6807923660799966,"y":6.72}},"velocity":2.133519156173666,"acceleration":-3.0000000000000426,"curvature":0,"holonomicRotation":0.0,"angularVelocity":0.0,"holonomicAngularVelocity":0.0},{"time":2.1196197599435354,"pose":{"rotation":{"radians":3.141592653589793},"translation":{"x":1.6585823078399966,"y":6.72}},"velocity":2.102057002157647,"acceleration":-2.999999999999958,"curvature":0,"holonomicRotation":0.0,"angularVelocity":0.0,"holonomicAngularVelocity":0.0},{"time":2.1301764744324494,"pose":{"rotation":{"radians":3.141592653589793},"translation":{"x":1.6365586585599965,"y":6.72}},"velocity":2.070386858690905,"acceleration":-2.999999999999958,"curvature":0,"holonomicRotation":0.0,"angularVelocity":0.0,"holonomicAngularVelocity":0.0},{"time":2.140804634884455,"pose":{"rotation":{"radians":3.141592653589793},"translation":{"x":1.6147236915199965,"y":6.72}},"velocity":2.038502377334889,"acceleration":-2.9999999999999583,"curvature":0,"holonomicRotation":0.0,"angularVelocity":0.0,"holonomicAngularVelocity":0.0},{"time":2.1515065144116416,"pose":{"rotation":{"radians":3.141592653589793},"translation":{"x":1.5930796799999964,"y":6.72}},"velocity":2.006396738753329,"acceleration":-3.0,"curvature":0,"holonomicRotation":0.0,"angularVelocity":0.0,"holonomicAngularVelocity":0.0},{"time":2.162284558278393,"pose":{"rotation":{"radians":3.141592653589793},"translation":{"x":1.5716288972799968,"y":6.72}},"velocity":1.974062607153075,"acceleration":-3.0,"curvature":0,"holonomicRotation":0.0,"angularVelocity":0.0,"holonomicAngularVelocity":0.0},{"time":2.1731414009703096,"pose":{"rotation":{"radians":3.141592653589793},"translation":{"x":1.5503736166399966,"y":6.72}},"velocity":1.9414920790773251,"acceleration":-2.9999999999999796,"curvature":0,"holonomicRotation":0.0,"angularVelocity":0.0,"holonomicAngularVelocity":0.0},{"time":2.1840798854340933,"pose":{"rotation":{"radians":3.141592653589793},"translation":{"x":1.5293161113599967,"y":6.72}},"velocity":1.9086766256859737,"acceleration":-3.0000000000000404,"curvature":0,"holonomicRotation":0.0,"angularVelocity":0.0,"holonomicAngularVelocity":0.0},{"time":2.1951030848300745,"pose":{"rotation":{"radians":3.141592653589793},"translation":{"x":1.5084586547199967,"y":6.72}},"velocity":1.8756070274980299,"acceleration":-3.0,"curvature":0,"holonomicRotation":0.0,"angularVelocity":0.0,"holonomicAngularVelocity":0.0},{"time":2.2062143272039294,"pose":{"rotation":{"radians":3.141592653589793},"translation":{"x":1.4878035199999968,"y":6.72}},"velocity":1.8422733003764658,"acceleration":-2.99999999999996,"curvature":0,"holonomicRotation":0.0,"angularVelocity":0.0,"holonomicAngularVelocity":0.0},{"time":2.2174172235635794,"pose":{"rotation":{"radians":3.141592653589793},"translation":{"x":1.4673529804799965,"y":6.72}},"velocity":1.8086646112975158,"acceleration":-3.0,"curvature":0,"holonomicRotation":0.0,"angularVelocity":0.0,"holonomicAngularVelocity":0.0},{"time":2.228715699945088,"pose":{"rotation":{"radians":3.141592653589793},"translation":{"x":1.4471093094399967,"y":6.72}},"velocity":1.7747691821529905,"acceleration":-2.9999999999999805,"curvature":0,"holonomicRotation":0.0,"angularVelocity":0.0,"holonomicAngularVelocity":0.0},{"time":2.240114034172528,"pose":{"rotation":{"radians":3.141592653589793},"translation":{"x":1.4270747801599968,"y":6.72}},"velocity":1.7405741794706697,"acceleration":-3.0000000000000195,"curvature":0,"holonomicRotation":0.0,"angularVelocity":0.0,"holonomicAngularVelocity":0.0},{"time":2.2516168981678044,"pose":{"rotation":{"radians":3.141592653589793},"translation":{"x":1.4072516659199967,"y":6.72}},"velocity":1.7060655874848407,"acceleration":-3.0,"curvature":0,"holonomicRotation":0.0,"angularVelocity":0.0,"holonomicAngularVelocity":0.0},{"time":2.2632294068558507,"pose":{"rotation":{"radians":3.141592653589793},"translation":{"x":1.3876422399999968,"y":6.72}},"velocity":1.6712280614207011,"acceleration":-3.0000000000000573,"curvature":0,"holonomicRotation":0.0,"angularVelocity":0.0,"holonomicAngularVelocity":0.0},{"time":2.2749571749499564,"pose":{"rotation":{"radians":3.141592653589793},"translation":{"x":1.3682487756799968,"y":6.72}},"velocity":1.6360447571383843,"acceleration":-2.999999999999981,"curvature":0,"holonomicRotation":0.0,"angularVelocity":0.0,"holonomicAngularVelocity":0.0},{"time":2.2868063832065633,"pose":{"rotation":{"radians":3.141592653589793},"translation":{"x":1.349073546239997,"y":6.72}},"velocity":1.6004971323685637,"acceleration":-3.0,"curvature":0,"holonomicRotation":0.0,"angularVelocity":0.0,"holonomicAngularVelocity":0.0},{"time":2.298783856129658,"pose":{"rotation":{"radians":3.141592653589793},"translation":{"x":1.330118824959997,"y":6.72}},"velocity":1.5645647135992795,"acceleration":-2.9999999999999813,"curvature":0,"holonomicRotation":0.0,"angularVelocity":0.0,"holonomicAngularVelocity":0.0},{"time":2.310897153610456,"pose":{"rotation":{"radians":3.141592653589793},"translation":{"x":1.3113868851199968,"y":6.72}},"velocity":1.5282248211568856,"acceleration":-2.999999999999982,"curvature":0,"holonomicRotation":0.0,"angularVelocity":0.0,"holonomicAngularVelocity":0.0},{"time":2.3231546796481943,"pose":{"rotation":{"radians":3.141592653589793},"translation":{"x":1.292879999999997,"y":6.72}},"velocity":1.4914522430436705,"acceleration":-3.0000000000000364,"curvature":0,"holonomicRotation":0.0,"angularVelocity":0.0,"holonomicAngularVelocity":0.0},{"time":2.335565812168179,"pose":{"rotation":{"radians":3.141592653589793},"translation":{"x":1.2746004428799969,"y":6.72}},"velocity":1.4542188454837173,"acceleration":-2.9999999999999822,"curvature":0,"holonomicRotation":0.0,"angularVelocity":0.0,"holonomicAngularVelocity":0.0},{"time":2.348141059112869,"pose":{"rotation":{"radians":3.141592653589793},"translation":{"x":1.256550487039997,"y":6.72}},"velocity":1.4164931046496472,"acceleration":-3.0,"curvature":0,"holonomicRotation":0.0,"angularVelocity":0.0,"holonomicAngularVelocity":0.0},{"time":2.360892247544598,"pose":{"rotation":{"radians":3.141592653589793},"translation":{"x":1.2387324057599969,"y":6.72}},"velocity":1.3782395393544604,"acceleration":-2.9999999999999654,"curvature":0,"holonomicRotation":0.0,"angularVelocity":0.0,"holonomicAngularVelocity":0.0},{"time":2.373832754630779,"pose":{"rotation":{"radians":3.141592653589793},"translation":{"x":1.221148472319997,"y":6.72}},"velocity":1.3394180180959177,"acceleration":-2.9999999999999827,"curvature":0,"holonomicRotation":0.0,"angularVelocity":0.0,"holonomicAngularVelocity":0.0},{"time":2.386977792330988,"pose":{"rotation":{"radians":3.141592653589793},"translation":{"x":1.203800959999997,"y":6.72}},"velocity":1.2999829049952911,"acceleration":-2.999999999999983,"curvature":0,"holonomicRotation":0.0,"angularVelocity":0.0,"holonomicAngularVelocity":0.0},{"time":2.4003447617427476,"pose":{"rotation":{"radians":3.141592653589793},"translation":{"x":1.186692142079997,"y":6.72}},"velocity":1.2598819967600123,"acceleration":-2.9999999999999667,"curvature":0,"holonomicRotation":0.0,"angularVelocity":0.0,"holonomicAngularVelocity":0.0},{"time":2.4139536989626422,"pose":{"rotation":{"radians":3.141592653589793},"translation":{"x":1.1698242918399973,"y":6.72}},"velocity":1.219055185100329,"acceleration":-2.999999999999951,"curvature":0,"holonomicRotation":0.0,"angularVelocity":0.0,"holonomicAngularVelocity":0.0},{"time":2.4278278428824427,"pose":{"rotation":{"radians":3.141592653589793},"translation":{"x":1.153199682559997,"y":6.72}},"velocity":1.177432753340927,"acceleration":-3.000000000000048,"curvature":0,"holonomicRotation":0.0,"angularVelocity":0.0,"holonomicAngularVelocity":0.0},{"time":2.441994368014468,"pose":{"rotation":{"radians":3.141592653589793},"translation":{"x":1.1368205875199973,"y":6.72}},"velocity":1.1349331779448504,"acceleration":-3.000000000000047,"curvature":0,"holonomicRotation":0.0,"angularVelocity":0.0,"holonomicAngularVelocity":0.0},{"time":2.4564853446145327,"pose":{"rotation":{"radians":3.141592653589793},"translation":{"x":1.120689279999997,"y":6.72}},"velocity":1.091460248144657,"acceleration":-2.999999999999954,"curvature":0,"holonomicRotation":0.0,"angularVelocity":0.0,"holonomicAngularVelocity":0.0},{"time":2.4713390180959034,"pose":{"rotation":{"radians":3.141592653589793},"translation":{"x":1.1048080332799972,"y":6.72}},"velocity":1.0468992277005449,"acceleration":-3.0,"curvature":0,"holonomicRotation":0.0,"angularVelocity":0.0,"holonomicAngularVelocity":0.0},{"time":2.486601547100255,"pose":{"rotation":{"radians":3.141592653589793},"translation":{"x":1.0891791206399972,"y":6.72}},"velocity":1.0011116406874896,"acceleration":-3.0,"curvature":0,"holonomicRotation":0.0,"angularVelocity":0.0,"holonomicAngularVelocity":0.0},{"time":2.502329417500585,"pose":{"rotation":{"radians":3.141592653589793},"translation":{"x":1.0738048153599973,"y":6.72}},"velocity":0.9539280294865004,"acceleration":-3.0000000000000213,"curvature":0,"holonomicRotation":0.0,"angularVelocity":0.0,"holonomicAngularVelocity":0.0},{"time":2.5185928824570962,"pose":{"rotation":{"radians":3.141592653589793},"translation":{"x":1.0586873907199972,"y":6.72}},"velocity":0.9051376346169663,"acceleration":-2.9999999999999862,"curvature":0,"holonomicRotation":0.0,"angularVelocity":0.0,"holonomicAngularVelocity":0.0},{"time":2.5354810148925635,"pose":{"rotation":{"radians":3.141592653589793},"translation":{"x":1.0438291199999972,"y":6.72}},"velocity":0.8544732373105647,"acceleration":-2.9999999999999867,"curvature":0,"holonomicRotation":0.0,"angularVelocity":0.0,"holonomicAngularVelocity":0.0},{"time":2.553109400213246,"pose":{"rotation":{"radians":3.141592653589793},"translation":{"x":1.0292322764799973,"y":6.72}},"velocity":0.8015880813485173,"acceleration":-2.9999999999999623,"curvature":0,"holonomicRotation":0.0,"angularVelocity":0.0,"holonomicAngularVelocity":0.0},{"time":2.571632372469562,"pose":{"rotation":{"radians":3.141592653589793},"translation":{"x":1.0148991334399975,"y":6.72}},"velocity":0.7460191645795694,"acceleration":-3.000000000000024,"curvature":0,"holonomicRotation":0.0,"angularVelocity":0.0,"holonomicAngularVelocity":0.0},{"time":2.5912635635577494,"pose":{"rotation":{"radians":3.141592653589793},"translation":{"x":1.0008319641599974,"y":6.72}},"velocity":0.6871255913150072,"acceleration":-2.9999999999999942,"curvature":0,"holonomicRotation":0.0,"angularVelocity":0.0,"holonomicAngularVelocity":0.0},{"time":2.6123128941301075,"pose":{"rotation":{"radians":3.141592653589793},"translation":{"x":0.9870330419199975,"y":6.72}},"velocity":0.6239775995979333,"acceleration":-2.9999999999999893,"curvature":0,"holonomicRotation":0.0,"angularVelocity":0.0,"holonomicAngularVelocity":0.0},{"time":2.6352595971863613,"pose":{"rotation":{"radians":3.141592653589793},"translation":{"x":0.9735046399999976,"y":6.72}},"velocity":0.5551374904291722,"acceleration":-2.9999999999999902,"curvature":0,"holonomicRotation":0.0,"angularVelocity":0.0,"holonomicAngularVelocity":0.0},{"time":2.660916321553648,"pose":{"rotation":{"radians":3.141592653589793},"translation":{"x":0.9602490316799974,"y":6.72}},"velocity":0.47816731732731194,"acceleration":-3.000000000000002,"curvature":0,"holonomicRotation":0.0,"angularVelocity":0.0,"holonomicAngularVelocity":0.0},{"time":2.6908790283736157,"pose":{"rotation":{"radians":3.141592653589793},"translation":{"x":0.9472684902399977,"y":6.72}},"velocity":0.38827919686740875,"acceleration":-3.0000000000000018,"curvature":0,"holonomicRotation":0.0,"angularVelocity":0.0,"holonomicAngularVelocity":0.0},{"time":2.7292977798851887,"pose":{"rotation":{"radians":3.141592653589793},"translation":{"x":0.9345652889599976,"y":6.72}},"velocity":0.27302294233268964,"acceleration":-3.0,"curvature":0,"holonomicRotation":0.0,"angularVelocity":0.0,"holonomicAngularVelocity":0.0},{"time":2.820305427329419,"pose":{"rotation":{"radians":3.141592653589793},"translation":{"x":0.9221417011199977,"y":6.72}},"velocity":0,"acceleration":-2.999999999999994,"curvature":0,"holonomicRotation":0.0,"angularVelocity":0.0,"holonomicAngularVelocity":0.0}]